,a_exp,a_score,a_star,d_exp,d_score,da_coop,dp_coop,pw_coop,title
0,8.333333333333334,646.0069,1,1.0,287.9148,0.3333333333333333,0.0,0.0,City by the Sea
1,1.0,610.5387000000001,1,1.0,97.39,0.0,0.0,0.0,City of Ember
2,1.0,778.859075,1,0.0,253.9682,0.0,0.0,0.0,Clash of the Titans
3,2.5,233.39849999999998,0,6.0,160.241,0.0,0.0,0.0,Clerks II
4,8.0,1106.4217,2,2.0,477.9162,0.6666666666666666,0.5,0.2,Click
5,1.5,1044.15775,2,0.0,459.8629,0.0,0.0,0.0,Closer
6,0.0,280.02165,0,0.0,0.0,0.0,0.0,0.0,Cloudy with a Chance of Meatballs
7,0.5,190.7443,0,0.0,0.0,0.0,0.0,0.0,Cloverfield
8,2.5,1574.24515,1,2.0,199.6957,0.0,0.0,0.3333333333333333,Coach Carter
9,0.25,590.3858749999999,1,2.0,289.7409,0.25,0.3333333333333333,0.0,Cold Mountain
10,0.5,945.596775,1,1.0,269.7848,0.4,0.0,0.0,Collateral
11,4.0,960.7579499999999,1,3.0,725.3368,0.0,0.0,0.0,Collateral Damage
12,0.0,1846.6414,1,1.0,38.2524,0.0,1.0,3.0,Colombiana
13,0.5,335.69295,0,2.0,185.1293,0.0,0.0,0.0,The Company
14,3.25,499.188625,0,0.0,0.0,0.0,0.0,0.0,The Company Men
15,1.0,90.27835,0,0.0,128.5761,0.0,0.0,0.0,Conan the Barbarian
16,3.0,1049.0305333333333,1,1.0,0.6779,0.0,0.0,0.0,Concussion
17,6.25,1281.7207,3,0.0,0.0,0.0,0.0,0.0,Confessions of a Dangerous Mind
18,1.25,526.015425,1,3.0,117.5559,0.0,0.0,0.0,Confidence
19,0.75,440.20369999999997,0,2.0,146.9948,0.25,0.0,0.0,The Conjuring
20,1.6666666666666667,369.79103333333336,0,0.0,207.2185,0.0,0.0,0.0,Connie and Carla
21,2.25,813.9598249999999,1,2.0,68.5387,0.0,0.0,0.0,The Conspirator
22,0.5,687.4588249999999,1,0.0,0.0,0.0,0.0,0.0,Constantine
23,4.0,1223.26255,2,0.0,1058.4949,0.5,2.25,0.4,Contagion
24,3.25,358.1284,1,0.0,0.0,0.0,0.0,0.0,The Contender
25,2.25,939.9237499999999,2,0.0,0.0,0.0,0.0,0.0,Contraband
26,3.75,677.45505,1,4.0,203.2041,0.0,0.0,0.0,Cop Out
27,0.0,668.0763,0,0.0,8.2805,0.0,0.0,0.0,Coraline
28,0.75,751.891775,1,1.0,388.8144,0.0,0.0,0.0,The Counselor
29,0.0,245.4110333333333,0,2.0,526.9085,0.0,0.3333333333333333,0.0,The Count of Monte Cristo
30,1.3333333333333333,337.2643,0,0.0,0.0,0.0,0.0,0.0,Country Strong
31,2.0,53.8013,0,2.0,53.8013,0.0,2.0,2.0,Courageous
32,1.75,552.536825,0,1.0,680.1577,0.0,0.0,0.1702127659574468,Cowboys & Aliens
33,2.5,553.4581499999999,0,1.0,169.1237,1.0,2.0,0.0,Cradle 2 the Grave
34,6.0,471.2084,0,0.0,0.0,0.0,0.0,0.0,Crank
35,2.25,953.7797499999999,2,0.0,0.0,0.0,0.0,0.0,Crash
36,4.75,705.5828250000001,0,0.0,0.0,0.0,0.0,0.0,Crazy Heart
37,3.25,677.036125,1,0.0,0.0,0.0,0.0,0.0,"Crazy, Stupid, Love."
38,0.0,749.2642,1,0.0,0.0,0.0,0.0,0.0,crazy/beautiful
39,0.6666666666666666,267.60519999999997,0,1.0,17.7777,0.3333333333333333,0.0,0.0,Creed
40,0.3333333333333333,762.2509333333334,0,2.0,287.2277,0.0,1.0,1.0,Crimson Peak
41,0.25,732.656875,1,1.0,136.66235,0.0,0.25,0.25,The Croods
42,1.0,40.7069,0,0.0,99.8663,0.0,0.0,0.0,"Crouching Tiger, Hidden Dragon"
43,4.75,1075.05625,2,0.0,297.9108,0.2,1.0,0.3333333333333333,The Curious Case of Benjamin Button
44,4.333333333333333,478.45616666666666,1,11.0,161.4607,0.5,0.0,0.0,The Curse of the Jade Scorpion
45,1.0,223.41504999999998,0,4.0,592.8225,0.0,0.0,0.0,Cursed
46,6.333333333333333,897.4576666666667,1,1.0,0.169,0.0,0.0,0.0,Cyrus
47,1.5,453.57169999999996,0,0.0,0.0,0.0,0.0,0.0,The Cell
48,1.0,438.200625,1,0.0,64.2104,0.0,0.0,0.0,Cellular
49,5.75,614.8162,1,3.0,460.1506,0.0,0.0,0.0,The Change-Up
50,0.6666666666666666,664.5936333333334,1,4.0,731.0166,0.0,1.0,0.0,Changeling
51,2.5,927.49085,2,1.0,236.8431,0.5,0.0,0.0,Chappie
52,0.3333333333333333,523.3296333333333,1,0.0,624.9462,1.3333333333333333,0.0,0.0,Charlie and the Chocolate Factory
53,0.6666666666666666,150.78583333333333,0,0.0,7.1153,0.0,0.0,0.0,Charlie St. Cloud
54,4.75,1399.512575,3,1.0,372.2081,0.2,0.0,0.0,Charlie Wilson's War
55,3.0,559.3283,2,0.0,0.0,0.0,0.0,0.0,Charlie's Angels
56,5.25,980.550125,2,2.0,201.0991,0.6,0.0,0.0,Charlie's Angels: Full Throttle
57,0.0,1044.4781,0,2.0,215.60575,0.0,0.0,0.0,Chasing Mavericks
58,1.5,547.263475,1,0.0,0.0,0.0,0.0,0.0,Cheaper by the Dozen
59,1.6666666666666667,611.0859333333333,1,1.0,217.7606,0.0,0.0,0.0,Cheri
60,0.0,1277.8054,1,0.0,0.0,0.0,0.0,0.0,Chicken Run
61,2.25,536.94805,1,0.0,396.7766,0.0,0.0,0.0,Children of Men
62,2.0,750.316,1,0.0,0.0,0.0,0.0,0.0,Chloe
63,0.25,272.84659999999997,0,0.0,152.603,0.25,0.0,0.0,Chocolat
64,0.5,975.4914,2,1.0,942.4805,0.0,0.0,0.0,A Christmas Carol
65,2.0,716.0084499999999,1,1.0,143.223,0.0,0.0,0.0,Christmas with the Kranks
66,0.3333333333333333,90.17623333333334,0,1.0,208.9966,0.0,0.0,0.0,Chronicle
67,0.0,0.0,0,1.0,1416.0639,0.0,1.0,1.0,The Chronicles of Narnia: Prince Caspian
68,0.0,248.5478,0,0.0,409.5369,0.0,0.0,0.0,"The Chronicles of Narnia: The Lion, the Witch and the Wardrobe"
69,2.0,219.4443,0,0.0,308.0273,0.0,0.0,1.0,The Chronicles of Narnia: The Voyage of the Dawn Treader
70,0.25,667.543225,1,2.0,91.5037,0.2,0.75,0.75,The Chronicles of Riddick
71,2.6666666666666665,2180.8085333333333,3,0.0,194.9949,0.3333333333333333,0.0,0.0,Cinderella
72,3.3333333333333335,888.1348333333334,1,2.0,1398.9445,0.3333333333333333,3.5,0.6666666666666666,Cinderella Man
73,0.0,935.511575,1,0.0,406.1292,0.2,0.0,0.0,Cirque du Freak: The Vampire's Assistant
74,0.75,1563.96315,2,2.0,1318.5094,0.5,6.0,1.0,The Da Vinci Code
75,7.0,1822.9183,1,1.0,264.9306,1.0,0.3333333333333333,0.0,Daddy Day Care
76,1.6666666666666667,585.0443666666666,0,1.0,12.0796,0.0,0.0,0.0,Dallas Buyers Club
77,5.0,469.519975,0,0.0,0.0,0.0,0.0,0.0,Danny Collins
78,0.5,510.938625,2,0.0,33.7046,0.0,0.0,0.0,Daredevil
79,6.0,982.4537666666665,1,4.0,141.3343,1.3333333333333333,0.6666666666666666,0.2,The Darjeeling Limited
80,3.25,699.819675,1,2.0,487.046,0.8571428571428571,2.0,0.8,The Dark Knight
81,4.25,1227.836525,2,5.0,1448.9213,1.75,3.0,1.8571428571428572,The Dark Knight Rises
82,0.5,1320.7425250000001,2,0.0,1083.6942,1.6666666666666667,0.0,0.0,Dark Shadows
83,1.0,218.4993,0,0.0,0.0,0.0,0.0,0.0,The Darkest Hour
84,6.5,543.2259,0,0.0,0.0,0.0,0.0,0.0,Date Movie
85,3.0,804.1133,2,4.0,775.813,0.0,0.0,0.0,Date Night
86,0.0,43.77695,0,0.0,0.0,0.0,0.0,0.0,Dawn of the Dead
87,2.0,1787.7970000000003,2,1.0,109.7674,0.3333333333333333,0.0,0.5333333333333333,Dawn of the Planet of the Apes
88,2.25,410.881175,0,3.0,999.8413,0.0,1.0,0.0,The Day After Tomorrow
89,1.0,1049.934475,2,0.0,101.4239,0.0,0.5,0.0,The Day the Earth Stood Still
90,3.0,479.67383333333333,0,2.0,163.0874,0.3333333333333333,3.0,0.0,De-Lovely
91,0.0,187.15269999999998,0,1.0,254.9701,0.0,0.0,0.0,Dear John
92,7.0,709.4734,1,2.0,135.1963,0.125,0.0,0.0,Death at a Funeral
93,3.6666666666666665,553.0297333333333,0,2.0,249.0281,0.0,1.0,0.14285714285714285,Death Race
94,6.0,1152.6085666666665,2,0.0,116.2838,0.0,0.0,0.0,Death to Smoochy
95,3.25,560.55185,0,2.0,49.2859,0.0,0.0,0.5,The Debt
96,3.25,866.5737000000001,2,4.0,625.6162,0.5,1.0,1.0,Deja Vu
97,0.0,875.06665,0,1.0,247.8148,0.0,1.0,0.3333333333333333,Deliver Us From Evil
98,8.0,972.4159,1,0.0,0.0,0.0,0.0,0.0,Delivery Man
99,5.5,1411.2924,2,5.0,365.307,0.5,0.3333333333333333,0.0,The Departed
100,0.5,338.42665,0,0.0,0.0,0.0,0.0,0.0,Derailed
101,0.6666666666666666,729.5551,1,0.0,0.0,0.0,0.0,0.5,Despicable Me
102,2.0,1153.36965,2,1.0,282.268,0.4,1.0,2.0,Despicable Me 2
103,2.75,403.12925,0,1.0,10.3945,0.0,0.0,0.0,The Devil Wears Prada
104,2.0,63.848,0,0.0,411.4496,0.0,0.0,0.0,The Devil's Double
105,0.5,307.7256,0,0.0,0.0,0.0,0.0,0.0,Diary of a Wimpy Kid
106,3.0,459.7778,0,0.0,107.5511,0.0,0.0,0.0,Diary of a Wimpy Kid: Dog Days
107,1.0,390.0581,0,0.0,107.5511,0.0,0.0,0.0,Diary of a Wimpy Kid: Rodrick Rules
108,5.333333333333333,780.7058666666667,0,2.0,242.1157,0.6666666666666666,0.4,0.3125,The Dictator
109,2.0,618.507825,2,0.0,75.1718,0.0,0.0,1.0,Die Another Day
110,4.75,963.3853,1,2.0,1224.824,0.16666666666666666,3.5,0.0,The Dilemma
111,5.25,629.863475,1,5.0,1333.5445,0.0,0.0,0.0,Dinner for Schmucks
112,2.0,209.7062,0,0.5,32.09385,0.5,0.25,0.75,Disaster Movie
113,5.5,1118.63925,1,1.0,366.3802,0.0,0.0,0.0,Disney's The Kid
114,0.0,0.0,0,0.0,0.0,0.0,0.0,0.0,District 9
115,1.3333333333333333,671.9641,0,2.0,77.7776,0.0,0.0,0.0,Disturbia
116,2.0,197.04154999999997,0,1.0,139.4388,0.0,0.0,0.0,Divergent
117,0.75,198.828325,0,1.0,327.1976,0.0,0.0,0.0,The Divergent Series: Insurgent
118,4.0,694.2495666666667,1,0.0,0.0,0.0,0.0,0.0,Divine Secrets of the Ya-Ya Sisterhood
119,4.75,563.1777,1,0.0,0.0,0.0,0.0,0.0,DodgeBall: A True Underdog Story
120,2.5,469.87325,0,0.0,0.0,0.0,0.0,0.0,Don Jon
121,0.5,477.87300000000005,0,0.0,0.0,0.0,0.0,0.0,Don't Be Afraid of the Dark
122,0.0,614.587,1,0.0,218.9759,0.0,0.0,0.0,Doom
123,1.6666666666666667,230.91840000000002,0,1.0,0.1719,0.0,0.0,0.0,The Door in the Floor
124,3.0,618.5069,0,0.0,174.8382,0.0,0.0,0.0,Down to Earth
125,3.0,603.9501,1,0.0,0.0,0.0,0.0,0.0,Dr. Dolittle 2
126,0.0,828.3407500000001,1,0.0,0.0,0.0,0.0,0.0,Dr. Seuss' Horton Hears a Who!
127,0.25,588.697475,0,0.0,282.268,0.0,1.0,1.5,Dr. Seuss' The Lorax
128,1.25,469.502675,2,2.0,83.8674,0.0,0.0,0.0,Dr. T and the Women
129,0.3333333333333333,108.44833333333332,0,0.0,0.0,0.0,0.0,0.0,Dracula 2000
130,2.0,250.9816,0,0.0,0.0,0.0,0.0,0.0,Dracula Untold
131,2.0,1050.8551,0,1.0,1624.6731,0.0,0.0,0.0,Drag Me to Hell
132,3.0,1278.2048,2,0.0,981.0368,0.0,0.5,0.0,Dragonfly
133,2.0,748.3563333333333,0,0.0,74.2246,0.0,0.0,0.0,Dream House
134,0.6666666666666666,586.7718333333333,1,0.0,85.2018,0.0,0.0,0.0,Dreamcatcher
135,1.6666666666666667,784.4182333333333,1,0.0,87.1733,0.0,0.0,0.0,Dredd
136,1.0,362.56960000000004,0,0.0,0.1195,0.0,0.0,0.0,Drive
137,2.0,600.4598,0,0.0,627.3002,1.0,0.0,0.0,Driven
138,2.25,450.092125,0,0.0,0.0,0.0,0.0,0.0,The Drop
139,0.0,0.0,0,0.0,0.0,0.0,0.0,0.0,Drumline
140,2.75,701.235,0,4.0,365.2685,0.0,0.6666666666666666,0.3333333333333333,Due Date
141,0.0,0.0,0,0.0,0.0,0.0,0.0,0.0,The DUFF
142,3.0,390.4158,0,1.0,27.5635,0.0,0.0,0.0,The Dukes of Hazzard
143,7.5,1285.74885,0,5.0,248.0949,0.0,1.3333333333333333,0.0,Dumb and Dumber To
144,0.0,0.0,0,0.0,0.0,0.0,0.0,0.0,Dungeons & Dragons
145,7.5,1149.2639,2,0.0,116.2838,0.0,0.0,0.0,Duplex
146,2.0,1183.8052,2,0.0,61.1961,0.25,0.5,0.0,Duplicity
147,0.3333333333333333,552.3965999999999,0,0.0,67.0382,0.0,0.0,0.0,The Eagle
148,1.0,545.679475,0,3.0,77.7776,0.0,0.0,0.0,Eagle Eye
149,2.5,292.448125,0,0.0,0.0,0.0,0.0,0.0,Easy A
150,3.25,1013.5043250000001,2,1.0,9.2711,0.0,0.6666666666666666,0.6666666666666666,Eat Pray Love
151,0.5,594.8181,0,0.0,398.613,0.0,0.0,0.5,Edge of Darkness
152,2.3333333333333335,1257.6516,1,3.0,358.7557,0.0,0.0,0.0,Edge of Tomorrow
153,2.5,529.0995,0,0.0,0.0,0.0,0.0,0.0,An Education
154,1.0,686.0348,0,1.0,161.2992,0.0,0.0,0.0,Eight Below
155,0.5,393.74604999999997,0,1.0,219.102,0.0,0.0,0.0,Elektra
156,4.0,348.07450000000006,0,1.0,95.1631,0.0,0.0,0.0,Elf
157,4.5,1097.6586,2,3.0,498.1981,0.0,1.0,1.0,Elizabethtown
158,0.5,759.9064,1,1.0,134.1755,0.25,0.0,0.0,Elysium
159,0.6666666666666666,279.34726666666666,1,0.0,198.2092,0.6666666666666666,0.0,0.0,The Emperor's Club
160,3.5,563.12585,0,3.0,36.2775,0.0,0.0,0.0,End of Watch
161,0.0,142.737,0,0.0,21.9847,0.0,0.0,0.0,Endless Love
162,1.0,506.9064,0,2.0,414.1066,0.0,0.0,0.0,Enough
163,5.75,1075.74235,3,5.0,498.4592,0.0,0.0,0.0,Envy
164,0.25,556.8091,0,2.0,436.1114,0.0,0.0,0.0,Epic
165,2.6666666666666665,656.2979333333334,0,0.0,223.915,0.0,0.0,0.0,The Equalizer
166,1.5,1034.8240500000002,1,2.0,74.1062,0.0,0.6666666666666666,0.0,Erin Brockovich
167,0.0,640.6209249999999,0,0.0,0.0,0.0,0.0,0.0,Escape From Planet Earth
168,3.0,1261.451025,3,0.0,1.0513,0.0,0.0,0.5,Eternal Sunshine of the Spotless Mind
169,0.0,0.0,0,0.0,0.0,0.0,0.0,0.0,Eurotrip
170,3.6666666666666665,779.6883333333334,1,6.0,1225.3568,0.6666666666666666,1.1666666666666667,0.2857142857142857,Evan Almighty
171,1.0,688.3441499999999,0,1.0,157.0406,0.0,1.0,0.0,Everest
172,6.75,1040.99075,1,0.0,0.0,0.0,0.0,0.0,Everybody's Fine
173,1.0,127.67065,0,0.0,0.0,0.0,0.0,0.0,Evil Dead
174,2.5,813.35245,1,6.0,587.1276,0.0,2.5,0.0,Evolution
175,0.0,112.65775,0,0.0,0.0,0.0,0.0,0.0,Ex Machina
176,1.0,322.5254,0,0.0,0.0,0.0,0.0,0.0,Exit Wounds
177,2.75,1063.040175,2,2.0,524.315,0.0,0.0,0.125,Exodus: Gods and Kings
178,0.5,753.37915,0,0.0,0.0,0.0,0.0,0.0,The Exorcism of Emily Rose
179,1.0,563.7356,0,1.0,436.7237,1.0,0.0,0.0,Exorcist: The Beginning
180,4.0,478.04955,0,1.0,142.3882,0.0,0.0,0.0,The Expendables
181,4.25,446.991375,0,1.0,263.9696,0.0,0.0,0.0,The Expendables 2
182,4.25,526.993925,0,2.0,19.0456,0.0,0.0,0.0,Extract
183,1.6666666666666667,745.1981333333333,0,1.0,97.098,0.0,0.0,0.0,Extraordinary Measures
184,1.0,257.15229999999997,0,0.0,23.2466,0.0,0.0,0.0,Eye of the Beholder
185,4.5,774.13375,1,2.0,148.2438,0.0,0.0,0.0,Failure to Launch
186,1.3333333333333333,510.9061333333334,0,3.0,558.6655,0.0,0.5,0.0,Fair Game
187,3.5,510.37407499999995,0,0.0,19.0479,0.0,0.0,0.0,The Family
188,1.6666666666666667,612.5902,2,2.0,336.0335,0.0,0.0,0.0,The Family Man
189,3.0,269.83332499999995,0,0.0,0.0,0.0,0.0,0.0,The Family Stone
190,3.0,447.17689999999993,0,3.0,279.5797,0.3333333333333333,0.0,0.6666666666666666,Fantastic Four
191,0.0,416.45346666666666,1,0.0,112.9416,0.0,0.0,0.5,Fantastic Four
192,0.3333333333333333,711.1095666666666,1,1.0,372.9797,1.0,1.0,0.0,Fantastic Four: Rise of the Silver Surfer
193,0.25,1309.33965,2,0.0,155.2058,1.2,1.3333333333333333,1.1428571428571428,Fantastic Mr. Fox
194,4.75,831.722525,0,4.0,517.8142,1.75,2.5,2.5,Fast & Furious 6
195,2.75,542.282375,0,2.0,105.2982,0.2,0.5,0.5,Fast and Furious
196,0.0,50.967549999999996,0,1.0,164.565,0.0,0.0,0.0,The Fast and the Furious
197,3.0,713.81035,0,3.0,292.3256,0.8571428571428571,1.5,1.5,Fast Five
198,1.0,797.4553999999999,0,0.0,78.3088,0.0,0.0,0.0,Faster
199,1.6666666666666667,690.9958666666666,1,0.0,0.0,0.0,0.0,0.0,The Fault in our Stars
200,12.0,1427.5827,1,7.0,953.5881,0.0,3.5,0.0,Fever Pitch
201,7.0,642.769925,0,1.0,325.1305,0.2,0.0,0.0,The Fifth Estate
202,2.75,817.5946499999999,2,1.0,121.0418,0.5,0.0,0.0,The Fighter
203,0.0,0.0,0,0.0,0.0,0.0,0.0,0.0,Final Destination
204,0.0,0.0,0,1.0,152.8633,0.0,0.0,0.0,Final Destination 3
205,0.0,358.74490000000003,0,0.5,402.36365,0.0,0.5,0.3333333333333333,Finding Nemo
206,2.75,545.6594749999999,1,1.0,46.6166,0.0,0.0,0.0,Finding Neverland
207,2.5,411.657875,0,1.0,142.6141,0.25,1.6666666666666667,0.8333333333333334,The Five-Year Engagement
208,3.6666666666666665,970.1848666666665,1,1.0,486.7358,0.0,0.0,0.0,Flight
209,1.25,439.296925,0,0.0,89.5652,0.0,1.0,0.0,Flight of the Phoenix
210,0.0,0.0,0,4.0,236.654,0.0,0.0,0.0,Flipped
211,0.0,1495.5658250000001,3,0.0,0.0,0.0,0.0,0.0,Flushed Away
212,2.0,812.0123,1,2.0,94.2562,0.0,1.0,0.0,Focus
213,1.5,442.19537499999996,0,4.0,673.1469,0.0,0.0,0.0,Fool's Gold
214,2.5,663.43335,0,0.0,287.9865,0.0,0.0,0.0,For Colored Girls
215,0.0,1.545975,0,0.0,0.0,0.0,0.0,0.14285714285714285,Forgetting Sarah Marshall
216,5.0,1645.4175,1,2.0,179.579,0.0,0.0,0.0,The Forgotten
217,3.5,1733.92185,1,1.0,59.135,0.0,0.0,0.0,Formula 51
218,0.0,810.6768999999999,0,0.0,5.7734,0.0,0.5,0.5,The Fountain
219,2.75,398.335675,1,2.0,440.5858,0.6,0.0,0.0,Four Brothers
220,4.75,1136.748125,2,0.0,0.0,0.0,0.0,0.0,Four Christmases
221,1.0,627.152,0,1.0,1083.6942,0.0,0.0,0.3333333333333333,Frankenweenie
222,1.0,212.75055,0,2.0,17.131,0.0,0.0,0.0,Freaky Friday
223,2.0,1267.1822333333332,1,1.0,186.3823,0.3333333333333333,0.0,0.0,Free Birds
224,1.5,310.98384999999996,0,1.0,23.3127,0.0,0.6666666666666666,0.6666666666666666,Freedom Writers
225,0.0,407.706,0,1.0,156.5381,0.0,0.0,0.0,Frequency
226,1.3333333333333333,374.4699,0,1.0,3.2304,0.0,0.0,0.0,Frida
227,1.25,213.34269999999998,0,0.0,17.9626,0.0,0.0,0.0,Friday Night Lights
228,1.6666666666666667,441.3042333333333,0,0.0,0.0,0.0,0.0,0.0,Friends with Benefits
229,5.0,447.26185,0,3.0,8.8169,0.0,2.0,2.0,Friends with Money
230,0.25,435.45735,0,0.0,39.9753,0.0,0.0,0.0,Fright Night
231,0.5,313.87315,0,0.0,106.4584,0.0,0.3333333333333333,0.0,From Hell
232,1.5,443.79010000000005,0,0.0,0.0,0.0,0.0,0.0,From Paris with Love
233,1.5,393.050125,0,2.0,1080.4794,0.0,1.5,0.0,Frost/Nixon
234,0.5,189.65975,0,0.5,37.049,0.0,0.0,0.0,Frozen
235,4.0,1092.88355,1,1.0,465.8081,0.5,0.0,0.0,Full Frontal
236,3.0,372.0067,0,0.0,0.0,0.0,0.0,0.0,Fun Size
237,6.0,1235.7859333333333,1,2.0,135.4374,0.0,0.0,0.0,Fun with Dick and Jane
238,6.25,1219.985925,1,2.0,335.1261,0.7142857142857143,0.5,0.75,Funny People
239,4.0,825.1647,1,1.0,389.6497,0.0,0.0,2.3333333333333335,Furious 7
240,2.0,859.0977,0,3.0,201.2238,0.0,0.0,0.0,Furry Vengeance
241,2.75,706.3050499999999,0,0.0,0.0,0.0,0.0,0.0,G.I. Joe: Retaliation
242,0.5,477.508425,0,0.0,999.6868,0.0,0.0,0.3333333333333333,G.I. Joe: The Rise of Cobra
243,3.3333333333333335,552.4387,1,0.0,192.8482,0.0,0.0,0.0,The Gambler
244,2.75,794.2010250000001,2,4.0,343.8843,0.14285714285714285,0.0,0.0,Gangs of New York
245,4.75,376.1411,0,0.0,126.4339,0.14285714285714285,0.0,0.0,Gangster Squad
246,2.75,638.998025,1,0.0,0.0,0.0,0.0,0.0,Garden State
247,4.333333333333333,440.2989333333333,0,0.0,41.7667,0.0,0.0,0.0,Garfield: The Movie
248,9.0,1163.4239333333335,1,0.0,0.0,0.0,0.0,0.0,Get Hard
249,3.5,367.1397,1,1.0,76.1941,0.4,0.6666666666666666,0.0,Get Him to the Greek
250,1.3333333333333333,249.4888,0,2.0,63.0379,0.0,0.0,0.0,Get Rich or Die Tryin'
251,3.6666666666666665,653.5128333333333,0,5.0,775.1575,0.0,0.0,0.0,Get Smart
252,0.6666666666666666,591.7163666666667,1,0.0,0.0,0.0,0.0,0.0,Getaway
253,2.6666666666666665,938.7239333333333,1,1.0,180.9728,0.0,0.4,0.4,Ghost Rider
254,4.0,830.9348,1,3.0,77.1278,0.0,0.0,0.2727272727272727,Ghost Rider: Spirit of Vengeance
255,3.75,533.7233,0,0.0,103.012,0.0,0.6666666666666666,1.0,Ghost Town
256,1.6666666666666667,1116.0075666666667,1,0.0,79.5743,0.0,0.0,0.0,The Ghost Writer
257,3.6666666666666665,533.3201666666668,1,0.0,213.9815,0.0,0.0,0.0,Gigli
258,1.0,826.822725,1,2.0,333.8797,0.0,0.75,0.3333333333333333,The Girl with the Dragon Tattoo
259,2.25,500.720875,0,2.0,134.5624,0.0,0.0,0.0,The Giver
260,1.0,287.562375,0,0.0,0.0,0.0,0.0,0.0,Godzilla
261,7.5,566.84835,0,0.0,0.0,0.0,0.0,0.0,Going the Distance
262,0.0,369.053225,0,0.0,334.732,0.0,0.0,0.0,The Golden Compass
263,3.5,687.456025,1,0.0,0.0,0.0,0.0,0.0,Gone Baby Gone
264,0.5,646.420775,0,2.0,407.6339,0.0,0.75,0.0,Gone Girl
265,1.0,330.62985,1,0.0,5.0103,0.0,0.0,0.0,Gone in 60 Seconds
266,2.5,580.85155,0,2.0,150.2536,0.0,0.25,0.25,A Good Day to Die Hard
267,0.0,216.97410000000002,0,0.0,0.0,0.0,0.0,0.0,The Good Girl
268,1.3333333333333333,606.3785666666666,1,0.0,22.9895,0.0,0.2,0.0,"Good Night, and Good Luck."
269,0.25,163.89249999999998,0,0.0,416.647,0.0,0.0,0.0,A Good Year
270,0.0,0.0,0,0.0,0.0,0.0,0.0,0.0,"The Good, the Bad, the Weird"
271,10.0,1180.1796,0,1.0,500.8154,2.0,0.0,0.0,Goosebumps
272,1.0,205.98175,0,1.0,102.4839,0.0,0.0,0.0,Gosford Park
273,0.5,85.96615,0,0.0,0.0,0.0,0.0,0.0,The Gospel
274,0.0,45.15173333333333,0,0.0,0.0,0.0,0.0,0.0,Gossip
275,4.0,555.7391,0,6.0,731.0166,0.0,1.3333333333333333,0.0,Gran Torino
276,1.25,1261.297825,2,2.0,121.6768,1.0769230769230769,3.5,3.5,The Grand Budapest Hotel
277,3.5,866.79025,0,2.0,398.9456,0.0,0.5,0.0,Gravity
278,4.0,844.5652249999999,2,0.0,59.481,0.0,0.0,0.0,The Great Gatsby
279,2.0,332.756,0,0.0,0.0,0.0,0.0,0.0,The Greatest
280,1.25,1251.91635,2,0.0,68.6773,0.16666666666666666,0.0,0.6666666666666666,The Green Hornet
281,1.0,395.85355,0,3.0,398.613,0.0,0.0,0.0,Green Lantern
282,2.0,1263.36365,2,3.0,573.7219,0.5,1.0,0.0,Green Zone
283,4.0,953.28915,1,1.0,129.1654,0.5,1.0,0.0,The Grey
284,0.75,294.218025,0,1.0,541.5903500000001,0.0,0.0,0.0,Grindhouse
285,10.5,1431.6428,3,6.0,711.5013,1.1428571428571428,2.0,0.7142857142857143,Grown Ups
286,7.75,1217.5551500000001,1,6.0,775.0969,2.0,6.0,2.2,Grown Ups 2
287,4.5,702.471,0,4.0,734.2207,0.0,0.0,0.0,Grudge Match
288,4.333333333333333,1298.4716666666666,2,0.0,0.0,0.0,0.0,0.0,The Guard
289,3.25,1203.0872000000002,2,0.0,10.668,0.0,0.0,0.0,Guardians of the Galaxy
290,4.666666666666667,1035.0859333333333,1,2.0,369.3113,0.0,0.0,0.0,The Guilt Trip
291,5.25,627.476075,1,0.0,224.3068,0.25,0.0,0.0,Gulliver's Travels
292,0.5,538.814475,0,0.0,195.7251,0.0,0.0,0.0,The Gunman
293,6.0,869.6990999999999,1,6.0,425.7846,0.0,5.0,0.0,Hall Pass
294,3.0,383.631,0,2.0,40.0507,0.0,0.0,0.0,Hamlet 2
295,3.0,1205.1137333333334,1,1.0,171.9278,0.0,0.0,0.0,Hancock
296,3.0,468.73096666666675,1,0.0,0.0,0.0,0.0,0.6666666666666666,Hanging Up
297,1.25,306.58465,0,4.0,365.2685,0.0,0.4,0.0,The Hangover
298,3.25,804.492125,0,4.0,687.1252,0.6666666666666666,1.5,0.1111111111111111,The Hangover Part II
299,6.75,1250.36265,1,6.0,959.2468,1.8,3.3333333333333335,1.4285714285714286,The Hangover Part III
300,1.3333333333333333,1235.7096999999999,2,0.0,151.8325,0.3333333333333333,0.0,0.0,Hanna
301,3.3333333333333335,1091.3549666666665,3,0.0,219.361,0.0,0.0,0.0,Hannibal
302,3.0,525.9620749999999,0,0.0,0.0,0.0,0.0,0.0,Hansel and Gretel: Witch Hunters
303,1.3333333333333333,892.9317333333332,1,1.0,1205.6679,0.0,2.25,2.25,The Happening
304,0.0,1258.88005,2,0.0,0.0,0.0,0.0,0.0,Happy Feet
305,1.0,497.67555,1,1.0,90.17,0.0,0.3333333333333333,0.0,Hardball
306,1.0,239.09249999999997,0,0.0,0.0,0.0,0.0,0.0,Harold and Kumar Escape from Guantanamo Bay
307,0.0,91.2723,0,0.0,1259.3055,0.0,0.0,0.0,Harry Potter and the Chamber of Secrets
308,1.5,807.6681,0,0.0,341.2587,0.0,0.0,2.0,Harry Potter and the Goblet of Fire
309,4.0,1703.296125,3,1.0,367.5525,0.5,1.0,4.0,Harry Potter and the Half-Blood Prince
310,2.25,1443.7198250000001,3,0.0,0.0,0.0,0.0,0.0,Harry Potter and the Order of the Phoenix
311,0.75,898.865575,4,0.0,48.7853,0.0,0.0,2.0,Harry Potter and the Prisoner of Azkaban
312,0.0,0.0,0,0.0,1845.8837,0.0,0.0,0.0,Harry Potter and the Sorcerer's Stone
313,1.6666666666666667,988.5400666666668,1,1.0,228.8552,0.0,0.0,0.0,Hart's War
314,5.333333333333333,977.2668,1,0.0,0.0,0.0,0.0,0.0,A Haunted House
315,4.0,747.88115,0,0.0,0.0,0.0,0.0,0.0,A Haunted House 2
316,0.0,1822.9183,1,1.0,877.4531,0.0,1.0,0.0,The Haunted Mansion
317,1.5,1098.5774,2,0.0,666.793,0.0,2.0,0.0,Haywire
318,3.0,460.0813666666667,1,0.0,0.0,0.0,0.0,0.0,Head of State
319,1.0,1.1812,0,1.0,1.1812,1.0,0.0,0.0,Head Over Heels
320,9.0,991.896,1,1.0,90.8911,0.0,1.0,0.0,Hearts in Atlantis
321,2.5,489.95015,0,2.0,203.8696,0.5,0.0,0.0,The Heat
322,3.5,689.69795,0,1.0,64.5597,0.0,0.0,0.0,Heaven is for Real
323,1.5,718.04375,1,1.0,23.81,0.0,0.0,0.0,Heist
324,1.0,90.1766,0,3.0,170.8172,0.0,0.0,0.0,Hellboy
325,1.5,86.66185,0,5.0,253.9643,0.5,1.0,1.0,Hellboy II: The Golden Army
326,0.75,387.61985,0,0.0,0.0075,0.0,0.3333333333333333,0.3333333333333333,The Help
327,6.75,743.3299000000001,0,1.0,120.3212,0.0,0.0,0.0,Her
328,4.0,692.3515,0,3.0,612.0353,0.0,0.3333333333333333,0.0,Hercules
329,2.3333333333333335,985.8627333333333,1,3.0,804.2962,0.0,2.25,0.0,Hereafter
330,3.0,354.4678333333333,0,1.0,0.0,0.0,0.0,0.0,Hero
331,5.0,777.12645,1,0.0,0.0,0.0,0.0,0.0,Hesher
332,0.0,1612.4503,1,1.0,559.1186,0.0,0.0,0.0,Hidalgo
333,1.0,546.8530999999999,1,2.0,78.2763,0.0,0.0,0.0,High Crimes
334,3.5,556.996775,2,1.0,79.5478,0.25,0.0,0.0,High Fidelity
335,3.0,455.0658,0,0.0,0.0,0.0,0.0,0.0,Higher Ground
336,5.666666666666667,528.1954999999999,0,0.0,0.0,0.0,0.0,0.0,Hit and Run
337,1.6666666666666667,949.8442333333332,1,6.0,469.416,0.0,0.0,0.0,Hitch
338,2.75,372.94364999999993,0,0.0,0.0,0.0,0.0,0.0,The Hitchhiker's Guide to the Galaxy
339,2.75,568.1141,0,3.0,245.9514,0.25,0.5,0.0,The Hoax
340,0.0,555.6785,1,0.0,725.3368,0.0,0.0,0.0,Holes
341,7.75,1639.226275,3,4.0,584.6835,0.0,0.0,0.0,The Holiday
342,2.5,652.4150500000001,1,3.0,593.5205,0.0,0.0,0.0,Hollow Man
343,0.0,235.16103333333334,0,2.0,204.9569,0.0,0.0,0.0,Home
344,1.0,225.295,0,0.0,0.0,0.0,0.0,0.0,A Home at the End of the World
345,0.0,94.5692,0,0.0,0.0,0.0,0.0,0.0,Honey
346,3.0,773.8726333333334,0,2.0,107.0837,0.0,0.0,0.0,The Honeymooners
347,1.0,505.711375,1,3.0,305.6184,0.0,0.0,0.6666666666666666,Hop
348,4.5,585.7706000000001,1,1.0,144.9115,0.0,0.0,0.0,Horrible Bosses
349,9.0,846.430575,1,2.0,49.7431,0.0,0.0,0.0,Horrible Bosses 2
350,1.6666666666666667,210.18386666666666,0,1.0,88.5581,0.0,0.0,0.0,The Host
351,3.0,1032.5433,0,3.0,409.5981,0.0,0.0,0.0,Hot Pursuit
352,3.5,331.13169999999997,0,1.0,48.0247,0.0,0.0,0.0,Hot Tub Time Machine
353,5.5,603.7777,0,2.0,102.8033,0.5,0.0,0.0,Hot Tub Time Machine 2
354,4.0,1044.549225,3,1.0,34.9236,0.0,0.0,0.0,The Hours
355,0.0,154.3341,0,0.0,0.0,0.0,0.0,0.0,House at the End of The Street
356,2.5,270.74987500000003,0,0.0,0.0,0.0,0.0,0.0,The House Bunny
357,9.75,1323.296925,1,2.0,58.8044,0.0,0.0,0.0,How Do You Know
358,6.0,1714.916,1,1.0,972.4196,0.0,5.0,0.0,How the Grinch Stole Christmas
359,2.25,517.7434000000001,1,0.0,0.0,0.0,0.0,0.0,How to Lose Friends and Alienate People
360,0.25,576.800675,1,0.0,0.0,0.0,0.0,0.0,How to Train Your Dragon
361,1.5,1148.8091749999999,1,1.0,237.013,0.8571428571428571,0.0,0.0,How to Train Your Dragon 2
362,0.5,201.457925,0,1.0,297.5689,0.0,0.0,0.0,Hulk
363,5.75,1236.326575,3,2.0,106.4333,0.0,0.0,0.0,The Human Stain
364,7.0,711.4274,0,2.0,122.7398,0.0,0.0,0.0,The Hundred-Foot Journey
365,2.0,751.46755,1,0.0,172.7346,0.14285714285714285,0.25,0.09090909090909091,The Hunger Games
366,2.5,797.75225,1,0.0,483.7688,0.0,0.0,0.0,The Hunger Games: Catching Fire
367,3.75,934.2834,0,0.0,483.7688,0.0,0.0,0.0,The Hunger Games: Mockingjay - Part 1
368,5.75,1446.194325,3,2.0,926.4216,0.9,0.0,0.0,The Hunger Games: Mockingjay - Part 2
369,3.0,1190.48745,1,0.0,98.546,0.5,0.0,0.0,The Hunted
370,1.0,197.53133333333335,0,0.0,0.0,0.0,0.0,0.0,Hustle and Flow
371,4.0,2794.1266,1,1.0,102.6449,0.0,0.2857142857142857,0.07692307692307693,I Am Legend
372,0.75,159.64245,0,0.0,301.0897,0.0,0.0,0.0,I Am Number Four
373,3.75,381.7076,0,0.0,3.8016,0.0,0.0,0.0,I Don't Know How She Does It
374,1.75,283.945175,0,1.0,132.0276,0.3333333333333333,0.0,0.0,I Heart Huckabees
375,1.0,600.7699,0,1.0,1130.1844,0.0,0.0,0.0,I Love You Beth Cooper
376,3.6666666666666665,1482.6895333333332,2,0.0,0.0,0.0,0.0,0.0,"I Love You, Phillip Morris"
377,5.333333333333333,874.7889333333333,1,5.0,496.0842,0.6666666666666666,0.4,0.0,I Now Pronounce You Chuck and Larry
378,6.666666666666667,972.5994333333333,2,4.0,496.4183,0.3333333333333333,0.0,0.0,I Spy
379,5.5,773.87715,1,1.0,54.7537,0.0,0.0,0.0,I Think I Love My Wife
380,1.5,508.3317,0,0.0,0.0,0.0,0.0,0.0,"I, Frankenstein"
381,1.3333333333333333,699.6806,1,2.0,26.5493,0.0,0.0,0.0,"I, Robot"
382,0.0,444.86545,0,0.0,0.0,0.0,0.0,0.0,Ice Age
383,1.3333333333333333,724.5682333333333,0,3.0,694.3653,1.0,1.0,0.0,Ice Age: Dawn of the Dinosaurs
384,1.0,809.32755,0,1.0,262.9114,0.5,0.5,0.0,Ice Age: The Meltdown
385,0.3333333333333333,469.9804,0,0.0,203.5063,0.0,3.0,0.0,Identity
386,7.0,1031.52205,2,1.0,273.1159,0.4,0.0,0.0,Identity Thief
387,0.0,265.7562,0,0.0,0.0,0.0,0.0,0.0,If I Stay
388,1.0,730.553025,1,0.0,0.0,0.0,0.0,0.0,Igby Goes Down
389,2.5,661.7373249999999,1,0.0,0.0,0.0,0.0,0.0,The Illusionist
390,0.0,1095.1300999999999,1,1.0,71.0341,0.3333333333333333,0.0,0.0,The Imaginarium of Doctor Parnassus
391,1.0,326.5922,0,0.0,98.5441,0.0,0.0,0.0,Immortals
392,1.5,395.21344999999997,0,0.0,0.0,0.0,0.0,0.0,In the Bedroom
393,0.75,1027.67355,2,3.0,633.8621,0.2,0.0,0.0,In the Heart of the Sea
394,1.0,475.11715,1,1.0,47.0678,0.0,0.0,0.0,In Time
395,0.25,377.13225,0,2.0,1130.2157,0.5714285714285714,3.0,2.5,Inception
396,5.25,1075.8464999999999,2,0.0,0.0,0.0,0.0,0.0,The Incredible Burt Wonderstone
397,0.75,786.4815749999999,1,2.0,91.3738,0.0,0.0,1.0,The Incredible Hulk
398,0.0,1536.5188666666666,1,1.0,39.4802,0.0,0.0,0.0,The Incredibles
399,0.6666666666666666,1173.2204333333332,1,0.0,1557.0256,0.0,0.0,0.0,Indiana Jones and the Kingdom of the Crystal Skull
400,14.0,2327.6598,1,3.0,1087.8744,3.0,1.3333333333333333,0.0,The Informant!
401,1.75,1037.63735,1,0.0,141.7381,0.0,0.0,0.0,Inkheart
402,3.25,1113.9358750000001,2,2.0,116.6286,0.16666666666666666,2.5,0.0,Inside Man
403,1.0,743.55935,0,1.0,340.1109,0.0,1.0,0.5,Inside Out
404,1.5,724.1905,0,2.0,146.9948,1.0,1.0,1.0,Insidious Chapter 2
405,1.0,781.9095,2,0.0,0.0,0.0,0.0,0.0,Insomnia
406,0.0,112.6475,0,0.0,0.0,0.0,0.0,0.0,Intermission
407,5.666666666666667,1192.4222333333335,1,3.0,207.0977,0.0,0.0,0.0,The Intern
408,5.0,623.31035,0,3.0,10.1358,0.0,0.0,0.0,The International
409,8.75,1393.6889499999997,2,5.0,1183.6036,0.5,0.0,0.0,The Internship
410,2.0,573.9708333333333,0,1.0,159.5163,0.0,0.0,0.0,The Interpreter
411,0.5,882.13045,1,3.0,1808.0995,1.0,2.6666666666666665,2.6666666666666665,Interstellar
412,0.0,114.8455,0,0.0,0.0,0.0,0.0,0.0,Into The Storm
413,5.0,676.676,0,0.0,0.0,0.0,0.0,0.0,The Invention of Lying
414,6.0,1963.5727499999998,2,3.0,589.1859,0.5,1.0,0.0,Invictus
415,1.25,618.8731250000001,0,1.0,296.1235,0.0,0.0,0.0,Iron Man
416,2.25,960.8908500000001,1,3.0,680.1577,0.3333333333333333,0.5714285714285714,0.0,Iron Man 2
417,5.5,998.9428,1,1.0,5.732,0.14285714285714285,0.0,0.0,Iron Man 3
418,2.5,1046.5656250000002,3,5.0,964.9615,0.25,0.0,0.0,The Island
419,3.5,568.8719,0,6.0,667.0126,0.16666666666666666,0.0,0.0,It's Complicated
420,1.6666666666666667,289.87666666666667,0,0.5,1.7835,0.0,0.0,0.0,It's Kind of a Funny Story
421,2.5,468.26002500000004,1,2.0,208.3764,0.0,0.0,0.0,The Italian Job
422,3.25,628.637325,0,4.0,818.0509,0.0,3.0,0.0,J. Edgar
423,7.0,923.469025,1,5.0,432.8133,0.8,1.0,0.6,Jack and Jill
424,1.0,524.856675,1,0.0,0.0,0.0,0.0,0.0,Jack Reacher
425,2.5,641.1068250000001,1,2.0,194.9949,0.0,0.0,0.0,Jack Ryan: Shadow Recruit
426,0.5,866.44085,1,2.0,670.0615,0.0,0.0,0.0,Jack the Giant Slayer
427,5.0,610.3162,0,2.0,191.9815,2.0,2.0,0.0,Jackass 3-D
428,6.0,737.0814,0,3.0,318.7242,3.0,1.5,0.0,Jackass Presents: Bad Grandpa
429,3.0,390.4158,0,1.0,95.758,1.0,1.0,0.0,Jackass: Number Two
430,0.0,0.0,0,0.0,0.0,0.0,0.0,0.0,Jackass: The Movie
431,2.25,277.647775,0,2.0,371.6308,0.2,0.0,0.0,Jarhead
432,2.0,340.87016666666665,1,3.0,85.501,1.5,0.0,0.0,Jay and Silent Bob Strike Back
433,0.0,116.7386,0,0.0,61.4405,0.0,0.0,0.0,Jeepers Creepers
434,0.5,154.94670000000002,0,0.0,37.4387,0.0,0.0,0.5,Jennifer's Body
435,6.0,1038.0489666666665,2,5.0,131.5323,1.3333333333333333,0.0,0.0,Jersey Girl
436,3.0,447.4558666666667,0,1.0,19.6477,0.0,0.0,0.0,Jobs
437,0.0,214.5285,0,3.0,86.4343,0.0,0.0,0.0,John Carpenter's Ghosts of Mars
438,1.25,867.4021,1,0.0,757.8238,0.0,0.0,0.0,John Carter
439,11.5,1230.5513500000002,2,0.0,13.738,0.0,0.0,0.0,John Q.
440,0.0,0.0,0,5.0,546.4153,0.0,0.0,0.0,John Tucker Must Die
441,2.0,855.598275,1,0.0,0.0,0.0,0.0,0.0,John Wick
442,2.0,209.64575,0,1.0,12.498,0.0,0.0,0.0,Johnny English Reborn
443,1.25,830.5340500000001,1,0.0,47.4783,0.0,0.0,0.0,Journey 2: The Mysterious Island
444,10.25,1257.611575,2,4.0,423.7672,0.8333333333333334,0.0,0.0,Joy
445,0.0,164.39,0,1.0,47.492,0.0,0.0,0.0,Joy Ride
446,3.75,998.73155,1,0.0,500.5946,0.0,0.0,0.0,The Judge
447,6.25,629.7130000000001,0,3.0,308.1546,0.0,0.0,0.5,Julie & Julia
448,1.25,1275.7968500000002,1,0.0,461.9676,0.0,0.5,0.3333333333333333,Jumper
449,2.0,327.9863,0,0.0,0.0,0.0,0.0,0.0,Jumping the Broom
450,2.0,237.5553,0,0.0,0.0,0.0,0.0,0.0,Juno
451,0.25,795.371425,0,0.0,0.0,0.0,0.0,0.0,Jupiter Ascending
452,0.0,817.9588,1,0.0,377.9898,0.0,0.3333333333333333,0.0,Jurassic Park III
453,1.0,557.5830000000001,0,1.0,4.4022,0.2,0.0,0.0,Jurassic World
454,7.75,925.1895999999999,1,6.0,432.8133,0.8,1.2,0.0,Just Go With It
455,2.6666666666666665,232.2373,0,4.0,175.4277,0.0,0.0,0.0,Just Like Heaven
456,0.5,102.69045,0,0.0,0.0,0.0,0.0,0.0,Just Married
457,4.0,1162.4545333333333,2,2.0,104.7459,0.0,0.0,0.0,K-19: The Widowmaker
458,4.5,849.9671,1,1.0,40.8923,0.0,0.0,0.0,K-PAX
459,3.0,505.18709999999993,0,0.0,78.4718,0.0,0.0,0.0,The Karate Kid
460,2.75,496.057975,1,0.0,51.7919,0.16666666666666666,0.0,0.14285714285714285,Kick-Ass
461,5.0,639.149375,1,1.0,29.9734,0.0,0.0,0.0,Kick-Ass 2
462,2.0,381.507075,0,0.0,5.2611,0.0,0.0,0.0,The Kids Are All Right
463,1.0,641.53975,0,0.0,307.5397,0.5,4.0,4.0,Kill Bill Vol. 1
464,1.0,529.3115,0,0.0,301.63,1.0,3.0,3.0,Kill Bill Vol. 2
465,7.333333333333333,930.9097,1,0.0,0.0,0.0,0.0,0.0,Killer Elite
466,2.6666666666666665,560.2618666666666,0,3.0,15.3742,0.0,0.0,0.0,The Killer Inside Me
467,3.3333333333333335,361.67013333333335,0,3.0,381.4173,0.0,0.0,0.0,Killers
468,5.0,940.1277,1,0.0,0.0,0.5,0.6666666666666666,0.6666666666666666,Killing Them Softly
469,0.0,663.180075,1,0.0,141.8721,0.0,0.0,0.0,King Arthur
470,0.25,814.1099750000001,2,0.0,1506.9342,0.4,3.0,3.3333333333333335,King Kong
471,2.0,942.6537000000001,2,0.0,0.0,0.0,0.0,0.0,The King's Speech
472,1.0,804.4766000000001,1,1.0,171.9278,0.0,0.0,0.0,The Kingdom
473,5.75,1635.82175,2,3.0,261.6373,0.25,0.0,3.0,Kingsman: The Secret Service
474,3.25,832.6866499999999,1,1.0,11.0016,0.0,0.0,0.0,Kinsey
475,2.0,414.6387666666667,0,0.0,0.0,0.0,0.0,0.0,"Kiss Kiss, Bang Bang"
476,2.75,1314.3501,2,1.0,352.5224,0.0,0.0,0.0,Knight & Day
477,0.0,10.4728,0,0.0,138.9796,0.0,0.0,0.0,A Knight's Tale
478,2.5,354.93705,0,0.0,147.8675,0.375,0.5,0.5,Knocked Up
479,2.6666666666666665,713.7040666666667,1,2.0,228.4779,0.0,0.0,0.0,Knowing
480,5.5,435.04355,0,0.0,0.0,0.0,0.0,0.5,Krampus
481,1.25,1105.5604,2,0.0,0.0,0.0,0.0,0.0,Kung Fu Panda 2
482,6.0,550.5396,0,3.0,317.5713,0.0,1.0,0.0,Labor Day
483,2.25,802.2157749999999,2,0.0,1149.7611,0.3333333333333333,4.0,4.0,Lady in the Water
484,2.5,1936.54455,1,3.5,83.4826,0.0,1.25,1.25,The Ladykillers
485,7.0,1785.7960500000002,1,4.0,101.8362,0.0,0.0,0.0,Lakeview Terrace
486,4.25,494.3538,1,2.0,319.3463,0.0,0.0,0.0,Land of the Lost
487,1.5,311.00265,0,3.0,972.3376,0.0,0.0,0.0,Lara Croft Tomb Raider: The Cradle of Life
488,0.6666666666666666,335.75673333333333,1,1.0,365.8647,0.0,0.0,0.0,Lara Croft: Tomb Raider
489,4.0,742.98315,1,0.0,0.0,0.0,0.0,0.3333333333333333,Larry Crowne
490,0.0,351.1123,0,0.0,0.0,0.0,0.0,0.0,Lars and the Real Girl
491,0.0,131.94933333333333,0,1.0,1283.4714,0.0,2.5,2.5,The Last Airbender
492,2.0,283.8384,0,0.0,0.0,0.0,0.0,0.0,The Last Castle
493,1.0,89.3474,0,0.0,0.0,0.0,0.0,0.0,The Last Exorcism Part II
494,0.75,185.17062499999997,0,0.0,0.0,0.0,0.0,0.0,The Last King of Scotland
495,1.0,233.0789,0,0.0,0.0,0.0,0.0,0.0,The Last Song
496,1.3333333333333333,540.7657,0,1.0,0.14,0.0,0.0,0.0,The Last Stand
497,4.0,749.4708,1,2.0,48.5813,0.0,0.0,0.0,The Last Station
498,5.0,1007.207525,1,0.0,578.9116,0.0,0.0,0.0,Last Vegas
499,1.0,661.2579,0,1.0,348.7907,0.0,0.0,0.0,Law Abiding Citizen
500,0.0,313.09355,0,0.0,0.0,0.0,0.0,0.0,The Lazarus Effect
501,5.0,825.525,1,1.0,65.3839,0.0,0.3333333333333333,0.0,Leatherheads
502,2.75,483.35119999999995,0,2.0,54.3763,0.2,0.0,0.0,Lee Daniels' The Butler
503,7.0,1274.7857,0,0.0,0.0,0.0,0.0,0.0,Left Behind
504,1.75,293.717375,0,0.0,0.0,0.0,0.0,0.0,Legally Blonde
505,1.3333333333333333,709.7437333333334,1,2.0,280.9065,0.0,0.0,0.0,The Legend of Bagger Vance
506,0.0,1697.0004,1,4.0,110.0632,0.0,0.0,0.0,The Legend of Hercules
507,0.5,661.4872,1,0.0,347.4116,0.0,1.0,0.0,Legend of the Guardians: The Owls of Ga'Hoole
508,2.0,696.2858333333334,1,1.0,531.6888,0.6666666666666666,0.3333333333333333,0.16666666666666666,The Legend of Zorro
509,0.0,349.3516,0,0.5,34.88435,0.0,0.0,0.0,Legends of Oz: Dorothy's Return
510,1.0,847.1198999999999,0,0.0,0.0,0.0,0.0,0.0,Legion
511,0.25,1202.4811,2,1.0,292.6205,0.3333333333333333,0.0,0.0,The LEGO Movie
512,0.25,834.1604749999999,1,0.0,355.211,0.0,0.0,0.0,Lemony Snicket's A Series of Unfortunate Events
513,0.0,114.82645,0,1.0,96.5487,0.0,0.0,0.0,Let Me In
514,9.0,792.687,0,2.0,62.3061,0.0,0.0,0.0,Let's Be Cops
515,0.0,139.2806,0,1.0,84.1168,0.0,0.0,0.0,Letters to Juliet
516,4.75,811.1320000000001,2,3.0,108.4312,0.6666666666666666,1.5,0.6,The Life Aquatic with Steve Zissou
517,1.3333333333333333,406.0027333333333,1,2.0,171.5603,0.0,1.0,0.0,Life as a House
518,1.6666666666666667,499.5635333333333,0,1.0,2.8062,0.0,0.0,0.0,Life as We Know It
519,0.0,82.36965,0,1.0,198.4858,0.0,0.0,0.0,Life of Pi
520,0.0,0.0,0,1.0,30.4214,0.0,0.0,0.0,Like Mike
521,1.0,603.1515999999999,1,0.0,53.026,0.0,0.0,0.0,Limitless
522,2.75,292.573175,0,3.0,1425.0946,0.0,1.0,0.5,Lincoln
523,4.0,519.58285,0,0.0,0.0,0.0,0.0,0.0,The Lincoln Lawyer
524,2.5,837.6763000000001,1,1.0,188.8524,0.0,0.0,0.0,Lions for Lambs
525,4.0,716.314525,1,0.0,0.0,0.0,0.0,0.0,Little Black Book
526,2.0,480.679175,1,1.0,53.5961,0.0,0.0,0.0,Little Children
527,6.5,1236.8241,2,5.0,406.1292,0.0,0.0,0.0,Little Fockers
528,3.3333333333333335,370.1221333333333,0,4.0,460.1624,2.0,0.5,0.0,Little Man
529,4.5,536.1071749999999,0,0.0,0.0,0.0,0.0,0.0,Little Miss Sunshine
530,3.0,294.2813,0,1.0,35.2157,0.0,0.0,1.2857142857142858,Little Nicky
531,1.75,763.4245000000001,1,1.0,74.6212,0.0,0.0,0.0,Live Free or Die Hard
532,4.25,720.798625,1,3.0,488.7331,0.0,0.0,0.0,Lone Survivor
533,0.0,122.43985,0,0.0,68.4092,0.0,0.0,0.0,The Longest Ride
534,11.5,1261.9562500000002,2,5.0,606.4552,0.5,0.75,0.0,The Longest Yard
535,0.25,297.200575,0,0.0,0.0,0.0,0.0,0.0,The Lookout
536,1.75,645.186575,0,0.0,7.0042,0.2,0.6,0.6,Looper
537,0.0,380.8429500000001,0,1.0,6.0943,0.0,0.0,0.5,The Lord of the Rings: The Fellowship of the Ring
538,1.0,880.55575,3,2.0,477.8023,0.7777777777777778,1.0,1.0,The Lord of the Rings: The Return of the King
539,0.0,524.463025,0,1.0,6.0943,0.0,0.0,0.3333333333333333,The Lord of the Rings: The Two Towers
540,1.6666666666666667,653.7766333333333,1,0.0,38.087,0.3333333333333333,0.0,0.0,Lord of War
541,0.5,72.0862,0,0.0,34.4068,0.0,0.0,0.0,Lords of Dogtown
542,6.0,617.041,1,2.0,266.863,0.0,0.0,0.0,Loser
543,3.0,409.826525,0,0.0,7.8827,0.0,0.0,0.0,Lost in Translation
544,1.5,180.2409,0,0.0,0.0,0.0,0.0,0.0,Lottery Ticket
545,1.0,153.9655,0,0.0,0.0,0.0,0.0,0.0,Love & Basketball
546,4.666666666666667,408.5507333333333,0,0.0,74.178,0.0,0.3333333333333333,0.0,Love and Other Drugs
547,2.0,272.1305,0,1.0,156.7237,0.0,0.0,0.0,Love Ranch
548,5.25,656.48835,1,0.0,1793.2933,0.0,2.0,1.3333333333333333,The Lovely Bones
549,4.0,713.5106000000001,1,4.0,672.0146,0.5,0.0,0.0,Lucky Numbers
550,6.0,2095.0330999999996,2,0.0,19.4269,0.0,1.0,0.0,Lucy
551,2.0,202.55222500000002,0,0.0,0.0,0.0,0.0,0.0,MacGruber
552,2.5,749.116325,1,5.0,726.4145,0.25,0.0,0.0,Machete
553,4.0,842.9472000000001,0,1.0,379.1321,0.0,0.0,0.0,Machine Gun Preacher
554,3.5,638.0756749999999,0,0.0,330.6473,0.0,0.0,0.0,Mad Max: Fury Road
555,2.25,1462.0883999999999,3,2.0,558.6215,0.8888888888888888,1.0,0.75,Madagascar 3: Europe's Most Wanted
556,1.25,1369.1026499999998,3,1.5,345.19354999999996,0.75,0.5,0.3333333333333333,Madagascar: Escape 2 Africa
557,2.75,314.42355000000003,0,8.0,666.793,0.0,1.5,0.0,Magic Mike
558,6.666666666666667,870.3096666666667,0,0.0,1.2958,0.0,0.25,0.75,Magic Mike XXL
559,2.0,1714.916,1,2.0,283.8362,0.0,0.0,0.0,The Majestic
560,0.5,744.43975,0,0.0,0.0,0.0,0.0,0.3333333333333333,Maleficent
561,2.0,463.5737,0,1.0,51.0381,0.0,0.0,0.0,Malibu's Most Wanted
562,0.0,235.6214,0,0.0,0.0,0.0,0.0,0.0,Mama
563,0.5,366.26234999999997,0,1.0,208.3764,0.0,0.0,0.0,A Man Apart
564,0.25,208.10605,0,0.0,445.336,0.16666666666666666,0.0,0.0,The Man From U.N.C.L.E.
565,0.75,427.7309,0,4.0,577.8264,0.0,1.4,1.3333333333333333,Man of Steel
566,0.25,1208.6516,1,0.0,0.0,0.0,0.0,0.0,Man on a Ledge
567,3.25,754.57825,2,3.0,542.6567,0.25,0.0,0.5,Man on Fire
568,3.0,1070.30495,3,0.0,210.1782,0.16666666666666666,0.0,0.0,The Manchurian Candidate
569,4.75,1023.8434499999998,1,1.0,14.3065,0.5,0.0,0.0,Margaret
570,0.75,543.2547500000001,0,0.0,0.0,0.0,0.0,0.0,Margin Call
571,1.0,584.644225,1,1.0,71.319,0.2,1.0,1.0,Marie Antoinette
572,2.0,470.836275,0,3.0,265.5375,0.1111111111111111,0.0,0.0,Marmaduke
573,0.5,567.40765,0,0.0,84.7107,0.0,0.0,0.0,Mars Needs Moms
574,1.25,1001.20695,1,1.0,488.9171,0.16666666666666666,0.0,0.0,The Martian
575,3.75,705.011,1,1.0,34.4705,0.0,0.0,0.42857142857142855,Marvel's The Avengers
576,0.0,148.89175,0,1.0,146.0295,0.0,0.0,0.0,Match Point
577,2.75,649.0905,2,0.0,0.0,0.6666666666666666,1.0,2.0,The Matrix Reloaded
578,2.5,649.0905,2,0.0,0.0,0.8,1.0,2.0,The Matrix Revolutions
579,3.25,458.26915,1,1.0,190.7422,0.0,0.0,0.0,Max Payne
580,0.6666666666666666,85.9133,0,1.0,201.4742,0.0,4.0,0.0,Me and Orson Welles
581,2.5,656.31385,1,2.0,630.947,0.25,2.5,0.0,"Me, Myself and Irene"
582,0.25,43.4414,0,2.0,17.131,0.0,0.0,0.0,Mean Girls
583,3.5,551.64285,0,1.0,263.9696,0.0,0.0,0.0,The Mechanic
584,4.75,1169.05915,2,2.0,247.0064,0.0,0.0,0.0,Meet Dave
585,4.75,766.1669750000001,2,5.0,1052.6696,0.5,0.0,0.0,Meet the Fockers
586,4.5,948.3551500000001,2,1.0,101.6635,0.0,0.0,0.0,Meet the Parents
587,0.5,1183.2994999999999,3,2.0,478.3917,0.0,0.0,0.0,Megamind
588,0.0,218.05145000000002,0,0.0,0.0,0.0,0.0,0.0,Memento
589,0.0,271.34425,0,0.0,0.0,0.0,0.0,0.0,Memoirs of a Geisha
590,1.75,962.2209250000001,2,6.0,1147.1516,0.75,1.0,0.0,Men in Black II
591,5.0,895.5186,2,1.0,82.4508,0.0,0.0,0.0,Men of Honor
592,2.6666666666666665,426.2339666666667,0,0.0,0.0,0.0,0.0,0.0,The Messenger
593,0.0,0.0,0,0.0,99.1892,0.0,0.0,0.0,Metallica Through the Never
594,6.666666666666667,1398.2613333333331,2,1.0,114.8041,0.0,0.0,0.0,The Mexican
595,1.6666666666666667,461.93949999999995,0,1.0,410.6398,0.6666666666666666,2.0,2.0,Miami Vice
596,3.75,804.9612999999999,1,4.0,389.4895,0.3333333333333333,1.0,0.0,MIB 3
597,6.0,772.0466666666666,0,0.0,0.0,0.0,0.0,0.0,Middle Men
598,5.75,1196.7119500000001,1,10.0,136.1006,0.0,0.0,0.0,Midnight in Paris
599,1.0,1160.2025,1,4.0,3.015,0.0,0.0,0.0,A Mighty Heart
600,2.5,509.63092500000005,1,3.0,374.6003,0.0,0.0,0.0,Milk
601,1.0,466.87609999999995,0,0.0,59.9412,0.0,0.0,0.0,Million Dollar Arm
602,2.0,505.30812499999996,1,3.0,674.7368,0.0,0.25,0.0,Million Dollar Baby
603,1.25,1000.8899749999999,1,0.0,243.5333,0.2,1.0,1.0,A Million Ways to Die in the West
604,1.0,1057.773225,1,2.0,688.3709,0.25,1.3333333333333333,0.3333333333333333,Minions
605,1.0,785.8425666666667,1,2.0,1708.4926,0.0,4.0,0.0,Minority Report
606,2.75,218.92735,0,5.0,212.7027,0.0,5.0,0.0,Miracle at St. Anna
607,0.75,798.0945,1,0.0,0.0,0.0,0.0,0.0,Mirror Mirror
608,0.0,505.3017,1,0.0,566.7514,0.0,0.0,0.0,Mission to Mars
609,1.25,826.69595,1,0.0,623.8369,0.0,0.0,0.0,Mission: Impossible - Ghost Protocol
610,2.75,1362.533575,3,0.0,86.8762,0.25,0.5,0.5,Mission: Impossible - Rogue Nation
611,0.25,785.2264,2,3.0,418.6615,0.0,0.0,0.0,Mission: Impossible II
612,0.75,1019.706375,2,0.0,0.0,0.0,0.0,0.0,Mission: Impossible III
613,1.0,294.5724,0,0.0,268.0073,0.0,0.0,0.0,The Mist
614,2.75,792.26435,2,1.0,288.9424,0.0,0.0,0.0,Mona Lisa Smile
615,1.75,955.1096749999999,2,1.0,38.345,0.25,0.0,0.0,Moneyball
616,1.0,287.8076,0,0.0,56.7135,0.0,0.0,0.0,Monkeybone
617,1.0,184.467975,0,0.0,0.0,0.0,0.0,0.0,Monster's Ball
618,1.5,364.80995,0,1.0,147.68,0.0,0.0,0.0,Monster-in-Law
619,0.0,664.56445,0,1.0,419.8039,0.0,0.0,0.0,Monsters Vs. Aliens
620,0.0,534.8307,0,0.0,0.0,0.0,0.0,0.16666666666666666,"Monsters, Inc."
621,0.25,190.022075,0,2.0,80.452,0.0,0.0,0.0,Monte Carlo
622,6.25,1232.825825,2,1.0,148.5268,0.0,3.0,1.5,The Monuments Men
623,3.25,595.9471749999999,1,0.0,345.0245,0.0,0.0,0.0,Moonlight Mile
624,4.0,693.248675,0,0.0,149.8322,0.6666666666666666,3.0,1.8,Moonrise Kingdom
625,1.75,433.33842500000003,0,1.0,302.911,0.0,0.0,0.0,The Mortal Instruments: City of Bones
626,4.75,1989.2828000000002,3,2.0,105.661,0.2,0.0,0.0,Mortdecai
627,5.25,531.828875,0,1.0,12.4355,0.0,0.0,0.0,A Most Violent Year
628,0.0,671.89915,1,0.0,42.4158,0.0,0.5,0.0,The Mothman Prophecies
629,0.0,654.8779,0,1.5,154.4976,0.1,0.0,0.0,Movie 43
630,3.25,802.402925,1,3.0,219.1492,0.25,0.0,0.0,Mr. & Mrs. Smith
631,1.3333333333333333,325.48316666666665,0,0.0,0.0,0.0,0.0,0.0,Mr. Brooks
632,4.333333333333333,621.1399333333334,1,1.0,98.5661,0.3333333333333333,1.0,3.5,Mr. Deeds
633,1.0,1040.9867,1,0.0,171.1617,0.0,0.0,0.0,Mr. Peabody & Sherman
634,3.0,1596.37865,2,5.0,512.0441,0.0,0.0,0.0,Mr. Popper's Penguins
635,1.0,297.25055,0,3.0,423.0288,1.0,0.0,0.0,The Mummy Returns
636,0.5,439.460575,0,0.0,532.6432,0.0,0.0,0.0,The Mummy: Tomb of the Dragon Emperor
637,0.75,573.1397,1,3.0,1068.9649,0.0,1.3333333333333333,0.0,Munich
638,2.0,677.6535,1,3.0,72.4776,0.0,0.0,0.0,Murder by Numbers
639,0.0,0.0,0,0.0,0.0,0.0,0.0,0.0,My Boss's Daughter
640,2.25,1028.5490750000001,1,2.0,239.1854,0.0,1.0,0.0,My Sister's Keeper
641,0.0,281.7188,0,2.0,278.9882,0.0,0.0,0.0,My Soul to Take
642,4.75,804.369325,2,4.0,522.9481,0.2,0.0,0.0,Mystic River
643,0.0,49.4499,0,1.0,22.5027,0.0,0.0,0.0,The Namesake
644,0.25,816.271675,2,0.0,536.4928,0.0,0.0,0.0,National Treasure
645,4.0,211.0344,0,5.0,287.8645,0.0,0.0,0.0,Nebraska
646,0.75,351.936725,0,0.0,0.0,0.0,0.0,0.0,Need for Speed
647,4.0,897.3622750000001,1,3.0,173.3673,0.2,0.0,0.0,Neighbors
648,1.0,68.99645,0,0.0,0.0,0.0,0.0,0.0,Never Back Down
649,1.5,604.17195,1,1.0,47.0956,0.0,0.0,0.0,Never Let Me Go
650,2.6666666666666665,450.87879999999996,0,0.0,0.0,0.0,0.0,0.0,The New World
651,2.25,804.70515,2,3.0,374.6586,0.2,0.0,0.0,New Year's Eve
652,1.0,319.4361,0,0.0,0.0,0.0,0.0,0.0,Next Friday
653,2.75,1292.27905,2,0.0,82.2354,0.0,0.0,0.0,The Next Three Days
654,1.25,1830.2550499999998,3,1.0,775.813,0.625,1.0,1.0,Night at the Museum: Battle of the Smithsonian
655,2.0,1657.54245,2,2.0,1111.5206,1.25,2.0,0.0,Night at the Museum: Secret of the Tomb
656,6.333333333333333,1555.9298666666666,2,2.0,113.0227,0.6666666666666666,1.0,1.3333333333333333,The Night Before
657,4.0,482.18075,0,0.0,0.0,0.0,0.0,0.3333333333333333,Nightcrawler
658,1.75,440.85580000000004,0,1.0,76.5999,0.0,0.0,0.0,Nine
659,1.0,1138.9196,1,1.0,93.2253,0.0,0.5,0.0,Ninja Assassin
660,0.0,245.12369999999999,0,1.0,10.0474,0.0,0.0,0.0,The Ninth Gate
661,0.0,838.0511,0,0.0,0.0,0.0,0.0,0.0,No Good Deed
662,2.75,628.07255,1,2.0,88.4582,0.0,0.3333333333333333,0.0,No Strings Attached
663,2.5,952.8923,1,2.0,160.9171,0.0,0.6666666666666666,0.2,Noah
664,2.3333333333333335,900.5370666666668,1,1.0,118.7222,0.3333333333333333,0.6666666666666666,0.0,Non-Stop
665,5.333333333333333,1364.3781999999999,1,1.0,166.1926,0.0,1.5,0.0,Norbit
666,2.75,737.9585999999999,1,0.0,0.0,0.0,0.0,0.0,North Country
667,1.0,294.9485,0,1.0,0.0,0.0,0.0,0.0,Not Easily Broken
668,3.0,340.8293,0,0.0,0.0,0.0,0.0,0.0,Not Fade Away
669,0.5,270.44847500000003,0,1.0,120.6939,0.0,0.0,0.0,The Notebook
670,3.6666666666666665,271.9014666666667,0,2.0,78.3088,0.0,0.0,0.0,Notorious
671,1.0,1131.78215,1,0.0,431.7595,0.125,0.0,0.0,Now You See Me
672,0.0,867.5122666666667,1,5.0,599.8345,0.0,0.0,0.0,The Number 23
673,2.25,667.5044,2,1.0,13.9967,0.4,1.0,0.0,Nurse Betty
674,0.3333333333333333,1127.3414666666665,1,0.0,0.0,0.0,0.0,0.0,The Nut Job
675,6.0,1094.7325,1,3.0,213.5286,0.0,0.0,0.3333333333333333,The Nutty Professor II: The Klumps
676,1.5,1067.511875,2,1.0,186.0254,0.0,0.0,0.0,Oblivion
677,5.25,1201.5654749999999,2,2.0,74.1062,0.2857142857142857,0.0,0.0,Ocean's Eleven
678,7.0,1273.1506,3,6.0,767.4226,1.75,0.0,0.0,Ocean's Twelve
679,0.0,0.0,0,0.0,0.0,0.0,0.0,0.0,Oculus
680,3.6666666666666665,635.7280333333334,0,1.0,110.123,0.0,1.0,1.0,Old School
681,1.5,1059.7417,1,1.0,145.8934,0.0,0.0,0.0,Oldboy
682,2.0,235.14985,0,2.0,86.8111,0.5,0.0,0.0,Oliver Twist
683,1.25,1102.7572249999998,1,0.0,223.915,0.0,0.0,0.0,Olympus Has Fallen
684,1.5,944.1014500000001,1,0.0,118.5437,0.0,0.0,0.0,The Omen
685,0.75,432.46347499999996,1,2.0,353.3247,0.6666666666666666,0.0,0.0,Once Upon a Time in Mexico
686,5.0,809.0104,0,2.0,90.4693,0.0,0.0,0.0,Ondine
687,0.3333333333333333,321.42156666666665,0,0.0,14.0684,0.0,0.0,0.0,One Day
688,2.3333333333333335,475.3606333333334,0,0.0,68.5724,0.0,0.0,0.0,One For the Money
689,2.0,2169.3772,1,0.0,0.0,0.0,0.0,0.0,One Hour Photo
690,3.0,648.08,1,0.0,0.0,0.0,0.0,0.0,One Night at McCool's
691,2.0,753.8152249999999,0,1.0,22.1507,0.4,0.0,0.0,Only Lovers Left Alive
692,0.25,502.4779,1,0.0,0.0,0.0,0.0,1.0,The Other Boleyn Girl
693,9.5,1280.52045,2,3.0,436.0734,0.3333333333333333,0.0,0.0,The Other Guys
694,4.75,763.160275,1,1.0,189.3696,0.25,0.0,0.0,The Other Woman
695,0.0,940.3233,1,0.0,0.0,0.0,0.0,0.0,The Others
696,8.5,652.50805,0,6.0,163.4459,0.0,0.0,0.0,Our Brand Is Crisis
697,7.5,1232.0757250000001,1,1.0,3.8937,0.0,0.0,0.0,Our Idiot Brother
698,1.25,1172.4066,2,0.0,43.0122,0.0,0.0,0.0,Out of the Furnace
699,2.6666666666666665,643.3176,1,4.0,78.2763,0.3333333333333333,0.0,0.0,Out of Time
700,1.5,850.706225,1,3.0,1597.0891,0.42857142857142855,0.0,0.0,Oz The Great and Powerful
701,1.0,743.904575,1,0.0,23.3127,0.0,0.0,0.0,P.S. I Love You
702,1.6666666666666667,353.0176666666666,0,3.0,297.5395,0.6666666666666666,0.0,0.3333333333333333,Pacific Rim
703,0.5,295.66605,0,2.0,344.5476,0.0,0.2,0.0,The Pacifier
704,2.75,807.558875,0,4.0,1499.3779,0.0,4.0,0.0,Pain and Gain
705,0.5,682.4001,1,0.0,208.9159,0.0,0.0,0.0,Pan
706,0.3333333333333333,492.87966666666665,0,0.0,0.0,0.0,0.0,0.0,Pandorum
707,1.5,392.205925,1,2.0,468.8301,0.25,1.0,0.5,Panic Room
708,0.0,0.0,0,0.0,3.6881,0.0,0.0,0.3333333333333333,Paper Towns
709,1.25,1037.5380249999998,1,0.0,388.2086,0.0,0.5,0.0,Paranoia
710,0.0,86.3931,0,0.0,0.0,0.0,0.0,0.0,Paranormal Activity 3
711,0.25,571.1663,0,2.0,145.2102,0.0,0.0,0.0,ParaNorman
712,3.0,346.1347,0,3.0,267.6284,0.0,0.0,0.0,Parental Guidance
713,8.0,586.48725,0,0.0,105.0253,0.0,0.0,0.0,Parker
714,1.5,320.14324999999997,0,1.0,51.7934,0.0,0.0,0.0,The Passion of the Christ
715,0.0,1393.5702,1,0.0,115.6968,0.0,0.0,0.0,Pathfinder: Legend of the Ghost Warrior
716,3.5,688.628775,1,1.0,172.2395,0.2857142857142857,0.0,1.0,Paul
717,2.0,760.9733,0,4.0,499.9376,0.0,0.3333333333333333,0.0,Paul Blart: Mall Cop
718,8.0,1438.3212,1,4.0,351.6557,0.0,0.0,1.4,Paul Blart: Mall Cop 2
719,2.6666666666666665,786.6809,2,1.0,337.2136,0.0,0.0,0.0,Pay It Forward
720,2.0,816.941425,2,4.0,764.7561,0.0,0.0,0.0,Paycheck
721,0.5,490.82,0,2.0,435.3181,0.0,0.5555555555555556,0.0,Penguins of Madagascar
722,1.5,849.812675,1,0.0,0.0,0.0,0.0,0.0,People Like Us
723,0.75,674.2917000000001,1,2.0,969.7965,0.16666666666666666,0.0,0.0,Percy Jackson & The Olympians: The Lightning Thief
724,1.5,797.6341,0,0.0,69.7197,0.0,0.0,0.0,Percy Jackson: Sea of Monsters
725,0.0,233.41863333333333,0,0.0,144.4989,0.0,0.0,0.0,A Perfect Getaway
726,1.5,177.56125,0,4.0,674.9633,0.0,0.0,0.0,The Perfect Storm
727,1.0,1228.6295,1,1.0,1.1692,0.0,0.0,0.0,Perfume - The Story of a Murderer
728,0.0,0.0,0,0.0,269.939,0.0,0.0,0.0,Peter Pan
729,2.5,1008.7074,0,2.0,177.6781,0.5,0.0,0.0,Philomena
730,1.0,180.93815,0,6.0,1156.2003,0.25,0.0,0.0,Phone Booth
731,3.0,41.6071,0,1.0,40.0302,0.0,0.0,0.0,The Pianist
732,1.75,443.26120000000003,1,0.0,0.0,0.0,0.0,0.2222222222222222,Pineapple Express
733,3.6666666666666665,602.0790666666668,0,3.0,346.318,0.3333333333333333,2.0,0.0,The Pink Panther
734,4.0,999.1655499999999,0,1.0,78.4718,0.0,0.0,0.0,The Pink Panther 2
735,1.25,1520.2655249999998,4,1.0,864.888,0.75,1.0,1.0,Pirates of the Caribbean: At World's End
736,1.25,1219.70465,3,1.0,848.0236,0.7142857142857143,1.0,0.6666666666666666,Pirates of the Caribbean: Dead Man's Chest
737,2.3333333333333335,1513.9201999999998,2,0.0,98.5133,0.3333333333333333,0.25,1.5,Pirates of the Caribbean: On Stranger Tides
738,0.0,486.7076,0,0.0,217.0793,0.0,0.0,0.0,Pirates of the Caribbean: The Curse of the Black Pearl
739,0.25,332.07905,0,1.0,0.0,0.0,0.0,0.0,The Pirates! Band of Misfits
740,0.0,1.80975,0,1.0,27.554,0.0,0.5,0.5,Pitch Black
741,3.25,901.239275,1,0.0,0.0,0.0,0.0,0.0,Pitch Perfect
742,2.75,540.537125,1,1.0,9.6421,0.0,0.0,0.6666666666666666,Pitch Perfect 2
743,8.75,1230.32735,2,1.0,113.8773,0.0,0.0,0.7272727272727273,Pixels
744,1.75,994.375975,1,1.0,10.6922,0.2,0.0,0.0,The Place Beyond the Pines
745,0.0,114.7991,0,0.0,0.0,0.0,0.0,0.0,Planes
746,1.0,529.73615,2,2.0,711.8585,0.0,0.0,0.0,Planet of the Apes
747,4.5,282.5209,0,4.0,23.9693,0.0,0.0,0.0,Please Give
748,2.0,3481.603,1,0.0,1483.1868,2.0,0.5,0.0,The Polar Express
749,0.0,544.0961,0,0.0,106.8859,0.0,0.0,0.0,Poltergeist
750,2.25,556.86575,0,4.0,290.6132,0.0,1.0,0.0,Pompeii
751,1.75,367.86485,0,5.0,754.3516,0.0,0.0,0.0,Poseidon
752,0.0,165.5211,0,0.0,0.0,0.0,0.0,0.0,The Possession
753,0.0,81.740825,0,1.0,0.49,0.25,0.0,0.0,"Precious: Based on the Novel ""Push"" by Sapphire"
754,1.3333333333333333,1139.1053,2,1.0,24.3733,0.0,0.0,0.0,Predators
755,2.0,432.29855,0,1.0,83.0922,0.0,2.0,3.0,Premium Rush
756,3.5,799.984925,1,0.0,139.4802,0.0,1.5,1.0,The Prestige
757,4.75,694.3518,1,1.0,89.7769,0.0,0.0,0.0,Pride & Glory
758,1.75,1143.730025,1,0.0,0.0,0.0,0.0,0.0,Priest
759,1.0,421.126,0,1.0,33.4615,0.0,0.0,0.0,The Prince and Me
760,0.25,513.37955,0,0.0,501.2353,0.0,0.0,0.0,Prince of Persia: The Sands of Time
761,0.0,0.0,0,5.0,733.0148,0.0,0.6666666666666666,0.0,The Princess Diaries
762,0.5,168.320525,0,4.0,486.5414,0.4,1.6666666666666667,0.0,The Princess Diaries 2: Royal Engagement
763,3.25,916.5918,1,0.0,0.0,0.0,0.0,0.0,Prisoners
764,0.0,0.0,0,2.0,28.1285,0.0,0.0,0.0,Prom
765,1.0,307.66110000000003,0,0.0,641.4114,0.2,0.0,0.0,Prometheus
766,4.666666666666667,983.0417333333334,2,1.0,228.2569,0.3333333333333333,0.0,0.0,Proof
767,1.5,559.36815,1,2.0,172.8073,0.0,0.0,2.0,Proof of Life
768,4.0,477.05780000000004,0,0.0,86.3728,0.0,0.0,0.0,The Proposal
769,2.5,901.55935,1,4.0,361.5766,0.0,0.0,0.0,Public Enemies
770,0.5,224.3411,0,0.0,0.0,0.0,0.0,0.0,The Purge
771,1.5,264.67015,0,0.0,0.0,0.0,0.0,0.0,The Purge: Anarchy
772,1.6666666666666667,1054.6406,1,0.0,0.0,0.0,0.0,0.0,The Pursuit of Happyness
773,0.75,719.2659,1,1.0,406.2143,0.25,0.0,0.0,Puss in Boots
774,1.25,486.89865000000003,1,0.0,176.0582,0.0,0.0,3.0,Quantum of Solace
775,1.5,224.5054,0,5.0,731.874,0.0,0.0,0.0,The Quiet American
776,4.333333333333333,773.4618333333333,0,1.0,292.4555,0.0,0.0,0.0,R.I.P.D.
777,2.6666666666666665,851.2325333333333,1,0.0,0.0,0.0,0.0,0.0,Rabbit Hole
778,0.0,38.997,0,0.0,0.0,0.0,0.0,0.0,Raise Your Voice
779,1.0,553.3123,0,0.0,90.8213,0.0,0.0,0.0,Rambo
780,0.6666666666666666,1351.2978333333333,1,0.0,1699.2396,1.0,0.0,0.2,Rango
781,1.0,864.9369333333334,1,1.0,136.5684,0.0,0.0,0.0,The Raven
782,2.0,347.7253,0,2.0,224.6606,0.0,0.0,0.0,Ray
783,3.0,1105.7547,1,2.0,94.7767,0.0,0.0,0.0,The Reader
784,4.5,608.5908999999999,0,3.0,414.7171,0.0,0.0,0.0,Rebound
785,5.5,1417.91655,3,0.0,121.1765,0.0,0.0,0.0,Red
786,5.75,847.6867500000001,0,1.0,147.1335,0.0,0.0,1.0,Red 2
787,0.25,261.85875,0,0.0,0.0,0.0,0.0,0.0,Red Dawn
788,2.25,984.1267250000001,2,0.0,454.0232,0.0,0.0,0.0,Red Dragon
789,0.75,371.781175,1,0.0,592.8225,0.0,0.0,0.0,Red Eye
790,3.5,896.375675,1,3.0,252.9472,0.14285714285714285,0.0,0.3333333333333333,Red Riding Hood
791,0.0,630.79475,0,2.0,70.5513,0.0,0.0,0.0,Redbelt
792,0.3333333333333333,296.3258,0,0.0,160.8788,0.0,0.0,0.0,Reign of Fire
793,2.5,1779.02565,4,1.0,25.3477,0.0,0.0,0.0,Reign Over Me
794,0.75,736.6166499999999,1,0.0,19.0735,0.0,0.0,0.0,Remember Me
795,1.6666666666666667,528.1668333333333,1,2.0,18.8581,0.0,0.0,0.0,Remember the Titans
796,0.6666666666666666,74.53003333333334,0,2.0,77.2727,0.0,0.5,0.0,Resident Evil
797,2.0,270.2335,0,5.0,215.5572,0.3333333333333333,1.0,1.0,Resident Evil: Afterlife
798,5.333333333333333,669.6390333333334,1,6.0,281.0557,1.3333333333333333,1.0,1.0,Resident Evil: Retribution
799,0.0,16.2091,0,3.0,123.7264,0.0,0.0,0.0,Restless
800,2.6666666666666665,971.6987666666668,0,0.0,44.4046,0.0,0.5,0.0,The Revenant
801,3.25,1372.614775,3,3.0,456.2749,0.0,0.5,0.0,Revolutionary Road
802,5.666666666666667,539.6930333333333,0,1.0,107.2797,0.6666666666666666,0.5,1.5,Ricki and the Flash
803,2.6666666666666665,916.3206,1,2.0,99.463,0.6666666666666666,1.0,1.0,Riddick
804,4.0,846.4200250000001,1,2.0,523.7425,0.25,0.25,0.0,Ride Along
805,0.0,180.7159,0,0.0,114.8041,0.0,0.0,0.0,The Ring
806,0.0,594.24625,0,3.0,922.5259,0.0,1.0,0.0,Rio
807,1.25,980.3779,1,4.0,813.9838,0.5714285714285714,2.0,0.75,Rio 2
808,2.5,931.55565,2,0.0,0.0162,0.16666666666666666,0.0,0.0,Rise of the Planet of the Apes
809,2.5,911.8716000000001,1,1.0,139.2679,0.0,0.0,0.0,The Rite
810,2.75,555.6812,1,1.0,2.5166,0.16666666666666666,0.0,0.0,The Road
811,2.75,909.79375,1,1.0,215.9375,0.0,0.0,0.0,Road to Perdition
812,1.0,211.2887,0,0.0,0.0,0.0,0.0,0.0,Road Trip
813,0.5,976.48685,1,0.0,526.7402,1.0,0.5,0.0,Robin Hood
814,2.0,1248.09625,1,1.0,0.1105,0.0,0.0,0.0,RoboCop
815,0.0,808.8230750000001,2,1.0,262.9114,0.0,0.5,0.0,Robots
816,3.0,586.7406,0,0.0,0.0,0.0,0.0,0.0,Rocky Balboa
817,2.3333333333333335,722.6670333333333,1,1.0,0.4517,0.3333333333333333,0.0,0.0,Role Models
818,0.0,226.48615,0,3.0,572.5664,0.0,1.0,0.0,Rollerball
819,1.0,281.5705,0,0.0,0.0,0.0,0.0,0.0,Romeo Must Die
820,3.5,536.34995,1,1.0,0.0,0.0,0.0,0.0,The Rookie
821,0.5,181.30467499999997,0,0.0,0.0,0.0,0.0,0.0,The Roommate
822,3.5,1443.1657,1,1.0,1.1666,0.5,0.0,0.0,The Rover
823,4.25,642.7555,2,2.0,30.257,0.5,0.5,0.5,The Royal Tenenbaums
824,6.25,1257.424975,3,0.0,0.0,0.0,0.0,0.0,Rules of Engagement
825,2.75,897.779525,1,0.0,118.7222,0.25,0.0,0.0,Run All Night
826,0.5,479.41085,0,0.0,0.0,0.0,0.0,0.0,Run Fat Boy Run
827,1.5,497.15225,1,1.0,17.9626,0.0,0.0,0.0,The Rundown
828,1.25,678.1726,0,0.0,63.2235,0.0,0.0,0.1111111111111111,Runner Runner
829,1.0,415.3758,0,1.0,11.5997,0.0,0.0,0.0,Running Scared
830,2.5,506.551,0,3.0,605.8964,0.0,3.5,1.0,Rush
831,3.6666666666666665,310.71010000000007,0,4.0,336.0335,1.0,1.0,0.0,Rush Hour 2
832,7.0,846.2807,0,7.0,978.402,2.5,2.5,1.0,Rush Hour 3
833,3.5,879.894,1,5.0,1105.184,0.0,0.0,0.0,RV
834,3.75,890.3335,1,0.0,0.0,0.0,0.0,0.25,S.W.A.T.
835,1.0,719.2304,1,1.0,122.7398,0.0,1.0,0.0,Safe Haven
836,4.25,973.39105,1,0.0,0.0,0.0,0.0,0.0,Safe House
837,3.6666666666666665,822.9335666666666,1,2.0,137.4462,0.3333333333333333,0.0,0.0,Salt
838,3.75,1064.553125,1,0.0,160.8753,0.25,1.0,0.0,San Andreas
839,0.0,252.64035,0,0.0,0.0,0.0,0.0,0.0,Sanctum
840,1.0,910.9026,1,0.0,0.0,0.0,0.0,0.0,The Santa Clause 2
841,0.25,191.19665,0,1.0,180.8773,0.0,0.0,0.0,Savages
842,5.0,1289.0045249999998,1,2.0,401.0695,0.0,0.0,0.0,Saving Mr. Banks
843,2.5,447.4373,1,2.0,414.1495,0.0,0.0,0.0,Saving Silverman
844,0.0,0.0,0,1.0,60.619,0.0,0.3333333333333333,0.0,Scary Movie
845,0.0,14.5173,0,1.0,60.619,0.0,1.0,0.0,Scary Movie 2
846,3.25,266.50917499999997,0,0.0,0.0,0.0,0.0,0.0,Scary Movie 3
847,6.666666666666667,496.29243333333335,0,3.0,180.2771,1.0,0.5,0.42857142857142855,Scary Movie 4
848,3.5,468.42900000000003,0,4.0,147.5031,0.0,0.0,0.0,Scary Movie 5
849,1.5,485.09507500000007,1,3.0,341.7245,0.2,0.5,0.0,School for Scoundrels
850,6.0,988.7729,1,2.0,52.7009,0.0,0.0,0.0,School of Rock
851,0.0,116.63547500000001,0,0.0,340.9611,0.0,0.0,0.0,Scooby-Doo
852,2.5,625.419975,2,0.0,557.7551,0.0,0.0,0.0,The Score
853,3.0,368.91155,0,2.0,48.6386,0.0,0.0,0.0,Scott Pilgrim vs. the World
854,0.0,36.7167,0,0.0,0.0,0.0,0.0,0.0,Scouts Guide to the Zombie Apocalypse
855,1.25,375.405225,0,3.0,424.2849,1.0,2.0,0.0,Scream 3
856,0.5,263.0509,0,2.0,253.6751,0.3333333333333333,0.0,0.0,Scream 4
857,3.5,392.52432500000003,1,1.0,74.22,0.4,0.2,0.2,Seabiscuit
858,1.0,950.512975,2,2.0,281.9803,0.25,0.0,0.0,Season of the Witch
859,4.25,864.149675,1,4.0,94.032,0.75,0.0,0.0,The Second Best Exotic Marigold Hotel
860,2.0,571.59905,0,1.0,41.8289,0.0,0.0,0.0,The Secret in their Eyes
861,1.75,646.7192249999999,0,1.0,44.1188,0.0,0.0,0.0,The Secret Life of Bees
862,7.75,1231.9805250000002,2,1.0,133.2956,0.0,0.0,0.0,The Secret Life of Walter Mitty
863,0.0,319.79935,0,0.0,36.0429,0.0,1.0,2.0,Secret Window
864,1.5,424.83145,0,0.0,0.0,0.0,0.0,0.0,Secretariat
865,2.0,696.9337,1,0.0,0.0,0.0,0.0,0.0,See Spot Run
866,7.5,1164.3528,2,0.0,0.0,0.0,0.0,0.0,Seeking a Friend for the End of the World
867,1.75,645.5523000000001,0,0.0,161.6231,0.0,0.0,0.0,Self/Less
868,2.75,854.128825,1,1.0,0.2548,0.2,0.0,0.0,Selma
869,0.0,0.0,0,0.0,0.0,0.0,0.0,0.0,Serenity
870,2.5,904.43535,1,1.0,210.8975,0.25,0.8333333333333334,0.0,Seven Pounds
871,6.0,208.4434,0,0.0,0.0,0.0,0.0,0.0,Sex and the City
872,2.75,192.13662499999998,0,0.0,184.1122,0.25,0.0,0.0,Sex and the City 2
873,1.0,453.99312499999996,1,0.0,0.0,0.0,0.0,0.0,Sex Drive
874,6.0,991.2299333333335,1,3.0,131.535,0.6666666666666666,0.0,0.0,Sex Tape
875,0.75,678.732325,1,0.0,276.846,0.0,0.3333333333333333,0.2222222222222222,Shaft
876,3.0,653.346,0,1.0,92.1218,0.0,3.0,0.0,Shall We Dance
877,4.0,896.28075,2,3.0,630.947,0.0,2.5,0.0,Shallow Hal
878,2.0,572.9630000000001,1,1.0,3.3127,0.0,0.0,1.0,Shanghai Knights
879,1.0,368.30796666666674,0,0.0,0.0,0.0,0.0,0.0,Shanghai Noon
880,0.0,564.4969,0,2.0,157.0534,0.0,0.0,0.0,Shark Night 3D
881,0.25,1101.035075,2,0.0,0.0,0.0,0.0,0.0,Shark Tale
882,2.0,304.2202333333333,0,0.0,0.0,0.0,0.0,0.0,She's Out of My League
883,0.25,18.02075,0,0.0,0.0,0.0,0.0,0.0,She's the Man
884,0.25,575.646675,0,0.0,53.8023,0.25,0.0,0.0,Sherlock Holmes
885,3.0,917.6422,2,4.0,245.3197,0.0,0.0,0.0,The Shipping News
886,2.5,927.2597499999999,1,2.0,277.0332,0.0,0.0,0.0,Shooter
887,7.0,1416.6387333333332,3,0.0,91.4803,0.0,0.0,0.0,Showtime
888,0.3333333333333333,811.4348333333334,2,0.0,0.0,0.0,0.0,0.0,Shrek
889,1.0,1471.8759,4,0.5,259.3817,0.25,0.6666666666666666,0.0,Shrek 2
890,3.0,2179.254425,4,0.0,211.9566,0.0,0.0,0.0,Shrek Forever After
891,2.0,2116.227425,4,0.0,0.0,0.0,0.0,0.0,Shrek the Third
892,4.0,417.41862499999996,0,4.0,455.1288,0.6,0.25,0.25,Shutter Island
893,4.666666666666667,545.4741666666667,0,1.0,65.1348,0.0,0.0,0.0,Sicario
894,3.3333333333333335,541.0113,1,1.0,118.8712,0.0,0.0,0.0,Sideways
895,0.0,530.153125,1,1.0,650.7465,0.0,1.3333333333333333,1.3333333333333333,Signs
896,0.5,885.451,1,0.0,16.7836,0.0,0.5,0.0,Silent Hill
897,0.6666666666666666,888.1369333333332,1,0.0,0.0,0.0,0.0,0.0,Silent Hill: Revelation 3D
898,4.0,855.9259000000002,0,1.0,119.0342,0.0,0.0,0.0,Silver Linings Playbook
899,0.5,724.3057999999999,1,0.0,361.35725,0.3181818181818182,0.0,0.0,Sin City
900,0.3333333333333333,1182.0287333333333,2,1.0,167.2865,0.0,0.0,0.0,Sinbad: Legend of the Seven Seas
901,1.75,288.306875,0,0.0,0.0,0.0,0.0,0.0,A Single Man
902,0.0,238.9487,0,1.0,196.083,0.0,0.0,0.0,Sinister
903,0.0,38.565599999999996,0,0.0,0.0,0.0,0.0,0.0,The Sisterhood of the Traveling Pants
904,2.6666666666666665,410.8986333333333,0,1.0,69.9379,0.0,0.0,0.0,Sisters
905,7.0,652.9106666666667,1,1.0,105.8308,0.3333333333333333,0.0,0.0,The Sitter
906,0.0,234.048,0,0.0,117.9064,0.0,0.0,0.0,The Skeleton Key
907,0.5,146.8865,0,0.0,164.565,0.0,0.0,0.0,The Skulls
908,0.5,188.6427,0,0.0,109.2989,0.0,0.0,0.0,Sky High
909,1.5,916.597025,1,0.0,278.3346,0.16666666666666666,0.0,2.0,Skyfall
910,0.0,0.0,0,0.0,0.0,0.0,0.0,0.0,Skyline
911,0.0,1647.2198,1,0.0,0.0,0.0,0.0,0.5,Slither
912,0.0,0.0,0,1.0,136.8806,0.0,0.0,0.0,Slumdog Millionaire
913,5.0,348.27135,0,8.0,154.647,0.0,0.0,0.0,Small Time Crooks
914,4.0,434.00942499999996,1,0.0,0.0,0.0,0.0,0.0,Smokin' Aces
915,1.5,357.03595,0,3.0,720.8581,0.0,0.0,0.0,The Smurfs
916,2.5,739.8993249999999,1,3.0,687.5877,0.5,1.0,0.4,The Smurfs 2
917,5.0,1684.0898,1,1.0,176.2836,0.0,0.0,0.0,Snakes on a Plane
918,0.75,534.659425,0,0.0,0.0,0.0,0.0,0.0,Snow White and the Huntsman
919,1.75,168.1381,0,0.0,396.9343,0.0,0.0,0.0,The Social Network
920,0.0,606.89145,1,0.0,465.8081,0.5,0.0,0.0,Solaris
921,5.5,544.144325,0,2.0,108.6942,0.0,0.0,0.0,Something Borrowed
922,3.5,554.002275,2,2.0,408.9942,0.0,0.0,0.0,Something's Gotta Give
923,6.0,899.8623,0,3.0,92.4236,0.0,0.0,0.0,Somewhere
924,0.25,774.35035,1,1.0,680.2333,0.4,0.6666666666666666,0.0,The Sorcerer's Apprentice
925,2.0,597.1673499999999,0,1.0,27.1199,0.0,0.0,0.0,Soul Surfer
926,1.3333333333333333,175.07773333333333,0,1.0,113.5388,0.0,0.0,0.0,A Sound of Thunder
927,2.0,677.70155,0,0.0,5.8123,0.0,0.0,0.0,Source Code
928,2.75,653.97225,1,0.0,265.6692,0.0,0.0,0.0,Southpaw
929,0.0,0.0,0,0.0,0.0,0.0,0.0,0.0,Space Chimps
930,5.0,932.2933333333334,1,3.0,398.3596,0.0,0.0,0.0,Space Cowboys
931,8.5,1053.3598499999998,1,3.0,295.9026,0.0,1.0,1.0,Spanglish
932,3.5,175.2535,0,0.0,0.0,0.0,0.0,0.0,Sparkle
933,1.75,1079.460725,1,1.0,450.353,0.6666666666666666,1.0,1.0,Spectre
934,0.0,321.6395,0,0.0,0.0,0.0,3.0,0.0,Speed Racer
935,0.75,431.0292,1,1.0,78.3627,0.0,0.0,0.0,Spider-Man
936,1.75,911.7861000000001,2,2.0,680.1006,0.75,0.75,0.0,Spider-Man 2
937,3.25,1158.143125,3,4.0,1201.0754,1.0,1.75,1.0,Spider-Man 3
938,0.0,378.6189,0,1.0,360.7163,0.0,0.0,0.0,The Spiderwick Chronicles
939,1.0,341.3926,0,0.0,0.0,0.0,0.0,0.0,Splice
940,4.0,1586.7554,1,0.5,254.59855,0.5,0.0,0.0,The SpongeBob Movie: Sponge Out of Water
941,3.0,877.4804250000001,0,2.0,380.0877,0.6,1.0,0.0,Spy
942,1.5,763.4341499999999,1,7.0,772.1219,0.0,0.0,0.0,Spy Game
943,0.3333333333333333,471.24620000000004,1,0.0,180.8606,0.6666666666666666,0.0,0.0,Spy Kids
944,0.6666666666666666,471.24620000000004,1,0.0,180.8606,0.6666666666666666,0.0,0.0,Spy Kids 2: The Island of Lost Dreams
945,1.25,650.09055,2,1.0,353.3247,1.25,0.0,0.0,Spy Kids 3D: Game Over
946,3.0,826.38135,1,5.0,750.6819,2.0,0.0,0.0,Spy Kids: All the Time in the World
947,1.0,583.0587,1,0.0,177.2058,0.14285714285714285,0.0,0.0,Star Trek
948,3.75,1407.9911000000002,2,2.0,476.3916,0.8571428571428571,0.375,0.5833333333333334,Star Trek Into Darkness
949,1.5,580.1775749999999,3,2.0,734.5915,0.6666666666666666,1.0,1.0,Star Wars: Episode II - Attack of the Clones
950,4.0,1303.1811000000002,4,4.0,1185.0177,1.4285714285714286,2.0,2.0,Star Wars: Episode III - Revenge of the Sith
951,1.5,358.131825,0,2.0,712.8144,0.0,1.0,0.0,Star Wars: The Force Awakens
952,0.0,693.32735,1,0.0,3.1613,0.0,0.0,0.0,Stardust
953,6.25,781.9141500000001,2,1.0,110.123,0.0,0.0,0.0,Starsky and Hutch
954,0.6666666666666666,370.5991333333334,0,3.0,653.818,0.0,1.5,0.0,Stealth
955,5.0,1008.6988,1,1.0,314.8952,1.0,2.0,1.3333333333333333,Step Brothers
956,0.0,0.0,0,0.0,0.0,0.0,0.0,0.0,Step Up
957,0.0,0.0,0,0.0,0.0,0.0,0.0,0.0,Step Up Revolution
958,2.5,895.0460499999999,2,3.0,413.4289,0.0,0.5,1.0,The Stepford Wives
959,3.3333333333333335,1196.7632666666668,1,2.0,191.5957,0.0,0.0,2.0,Steve Jobs
960,3.0,906.108875,1,0.0,0.0,0.0,0.0,0.0,Still Alice
961,3.6666666666666665,814.4809,1,2.0,13.0006,0.3333333333333333,0.0,0.0,Stone
962,1.25,113.34574999999998,0,1.0,18.7957,0.0,0.0,0.0,Stop-Loss
963,5.75,801.57855,1,0.0,117.3988,0.2,0.0,0.0,Stranger Than Fiction
964,0.3333333333333333,699.4969,1,1.0,60.6146,0.0,0.0,0.0,Straw Dogs
965,1.25,600.47435,1,0.0,4.4132,0.0,0.0,0.0,Street Kings
966,3.0,471.352,0,1.0,877.4531,1.0,0.5,0.0,Stuart Little 2
967,0.0,132.34795000000003,0,2.0,477.0822,0.14285714285714285,1.3333333333333333,0.6666666666666666,Sucker Punch
968,2.3333333333333335,867.8718,1,0.0,10.3159,0.0,0.0,0.0,Super
969,3.0,361.4318,0,0.0,0.0,0.0,0.0,0.0,Super Troopers
970,1.25,131.94965000000002,0,1.0,3.9615,0.0,0.0,0.0,Superbad
971,1.5,754.29665,1,4.0,624.265,0.42857142857142855,0.0,0.2,Superman Returns
972,3.0,794.7847,1,1.0,228.6337,0.0,0.0,0.0,Supernova
973,1.5,194.03635,0,4.0,279.9054,0.0,0.0,0.0,Sweet Home Alabama
974,2.75,376.85637499999996,1,1.0,65.3397,0.0,0.0,0.0,The Sweetest Thing
975,1.5,180.5844,0,1.0,52.8033,0.0,2.0,0.0,Swept Away
976,5.25,611.5173,0,0.0,0.0,0.0,0.0,0.0,Swing Vote
977,4.25,542.01035,0,1.0,149.2775,0.0,0.0,0.0,The Switch
978,0.75,486.134025,1,0.0,5.0103,0.0,0.0,0.0,Swordfish
979,4.0,561.20255,1,0.0,0.0,0.0,0.0,0.0,"Synecdoche, New York"
980,4.75,1029.602525,3,1.0,15.99,0.0,0.0,0.0,Syriana
981,0.0,0.0,0,0.0,0.0,0.0,0.0,0.0,Take Shelter
982,3.0,1408.4029,1,0.0,0.0,0.0,0.0,1.0,Taken
983,4.0,1227.5973,1,1.0,38.2524,0.0,1.0,3.0,Taken 2
984,4.0,1223.1463666666666,1,3.0,228.7129,0.6666666666666666,3.0,5.0,Taken 3
985,1.0,430.921925,0,0.0,0.0,0.0,0.0,0.0,Takers
986,1.25,362.85372500000005,0,0.0,1.1396,0.0,0.0,0.0,Taking Lives
987,6.333333333333333,813.1464333333333,1,7.0,505.3889,0.6666666666666666,0.0,0.4,The Taking of Pelham 1 2 3
988,1.25,304.88334999999995,0,0.0,387.5293,0.0,0.0,0.0,Taking Woodstock
989,0.0,959.5363666666666,1,1.0,85.3109,0.0,0.0,0.0,The Tale of Despereaux
990,3.0,526.3736,1,1.0,118.9367,0.2,0.5,0.2,Talladega Nights: The Ballad of Ricky Bobby
991,1.0,361.312,0,1.0,112.9416,0.0,0.0,0.0,Taxi
992,5.5,1250.34695,1,1.0,141.8721,0.0,0.0,0.0,Tears of the Sun
993,1.75,799.9564250000001,2,0.0,0.0,0.0,0.0,0.0,Ted
994,3.5,1250.801275,2,1.0,243.5333,0.3333333333333333,1.0,1.0,Ted 2
995,1.5,692.1843,0,1.0,228.0397,0.0,0.0,0.0,Teenage Mutant Ninja Turtles
996,0.0,502.9199,1,0.0,41.4794,0.2,0.0,0.0,The Tempest
997,7.333333333333333,1607.8213666666663,1,2.0,2014.6245,0.6666666666666666,0.0,0.1111111111111111,The Terminal
998,1.5,221.10739999999998,0,2.0,401.7985,0.0,0.0,0.0,Terminator Salvation
999,4.0,335.5274,0,0.0,214.2559,0.0,0.0,0.0,Terminator: Genisys
1000,0.0,0.0,0,0.0,0.0,0.0,0.0,0.0,The Texas Chainsaw Massacre
1001,0.75,283.731925,0,0.0,0.0,0.0,0.0,0.0,Thank You for Smoking
1002,1.0,296.2743,0,0.0,0.0,0.0,0.0,0.0,That Awkward Moment
1003,4.75,697.039725,1,1.0,10.1345,0.0,0.0,0.0,That's My Boy
1004,2.0,106.24885,0,2.0,112.5468,0.0,1.3333333333333333,1.3333333333333333,There Will Be Blood
1005,5.25,666.44595,0,2.0,539.0323,0.2,0.0,0.0,Think Like a Man
1006,6.25,719.8337750000001,0,3.0,523.7425,1.0,1.0,1.0,Think Like a Man Too
1007,1.0,550.8151,0,0.0,27.799,0.0,0.0,0.0,Thirteen
1008,3.0,792.4145,1,4.0,354.9573,0.0,0.0,0.0,Thirteen Days
1009,5.0,799.0015,0,3.0,395.3224,1.0,1.5,2.0,This Is 40
1010,8.0,1957.902275,3,0.0,0.0,0.0,0.0,1.5,This is the End
1011,5.75,769.0957500000001,1,4.0,1111.5206,0.25,0.0,0.0,This is Where I Leave You
1012,0.5,596.2074,1,3.0,346.181,0.0,0.0,0.0,This Means War
1013,1.25,856.2476750000001,2,0.0,0.431,0.0,0.0,0.1111111111111111,Thor
1014,2.75,799.9914000000001,1,0.0,0.0,0.0,0.0,0.6666666666666666,Thor: The Dark World
1015,5.0,1320.12125,1,5.0,291.499,1.0,0.0,0.0,A Thousand Words
1016,0.75,154.29255,0,2.0,215.5572,0.14285714285714285,1.5,0.0,The Three Musketeers
1017,0.0,0.0,0,6.0,280.2661,0.0,4.0,0.0,The Three Stooges
1018,0.0,242.3229,0,0.0,203.0396,0.0,0.0,0.0,The Time Machine
1019,1.0,521.8025333333334,0,0.0,121.1765,0.0,0.0,0.0,The Time Traveler's Wife
1020,0.0,147.18407499999998,0,0.0,966.831,0.0,2.5,0.0,Timeline
1021,0.0,820.40065,0,0.0,854.0869,0.0,0.5,0.25,Tomorrowland
1022,1.5,608.04815,1,3.0,330.1237,0.0,0.0,0.0,Tooth Fairy
1023,2.75,616.8281499999999,0,3.0,326.3503,0.5,0.0,0.0,Total Recall
1024,7.0,1450.0333500000002,2,3.0,1128.6074,0.14285714285714285,0.0,0.0,Tower Heist
1025,3.0,564.377125,1,1.0,25.5499,0.0,0.0,0.0,The Town
1026,4.5,335.40274999999997,0,1.0,4.8973,0.0,0.3333333333333333,0.0,Town & Country
1027,1.3333333333333333,1210.2413333333332,1,3.0,1292.6098,0.6666666666666666,1.5,0.7142857142857143,Toy Story 3
1028,0.25,615.86405,1,4.0,468.6352,0.0,2.0,0.0,Trainwreck
1029,2.5,961.9738500000001,0,1.0,253.9092,0.0,0.0,0.0,Trance
1030,1.0,1867.9549749999999,3,0.0,0.0,0.0,0.0,0.0,Transcendence
1031,0.75,231.54862500000002,0,4.0,882.3444,0.2,0.16666666666666666,0.42857142857142855,Transformers
1032,2.6666666666666665,1065.8355666666666,2,9.0,1499.3779,0.0,3.1666666666666665,2.0,Transformers: Age of Extinction
1033,4.5,1071.91845,2,7.0,1116.0786,1.0,2.1666666666666665,1.0,Transformers: Dark of the Moon
1034,1.25,685.1382000000001,1,5.0,1021.5071,1.0,1.1666666666666667,0.9523809523809523,Transformers: Revenge of the Fallen
1035,2.0,285.7236,0,0.0,0.0,0.0,0.0,0.0,Transporter 2
1036,2.0,432.30975,1,1.0,16.81,0.0,0.0,0.0,The Tree of Life
1037,1.75,451.2613,1,0.0,0.0,0.0,0.0,0.0,Tron Legacy
1038,8.25,1148.4810750000001,2,1.0,69.1108,0.0,0.0,0.0,Tropic Thunder
1039,3.5,772.3639000000001,0,0.0,7.2407,0.0,0.0,0.0,Trust
1040,0.5,1677.2845499999999,2,0.0,0.0,0.0,0.0,0.0,Turbo
1041,0.0,22.076300000000003,0,0.0,86.1193,0.0,0.0,0.0,Turistas
1042,0.25,98.234875,0,6.0,229.9864,0.0,0.0,0.0,Twelve
1043,1.0,234.89317499999999,0,1.0,49.6375,0.0,0.0,0.0,Twilight
1044,2.0,879.4380000000001,1,0.0,14.1245,0.0,0.0,1.5,The Twilight Saga: Breaking Dawn Part 1
1045,3.75,1318.43885,1,0.0,14.1245,0.0,0.0,2.25,The Twilight Saga: Breaking Dawn Part 2
1046,0.0,537.6388999999999,0,0.0,51.161,0.0,0.0,1.0,The Twilight Saga: Eclipse
1047,1.25,386.70322500000003,0,1.0,422.1357,0.0,0.0,0.0,The Twilight Saga: New Moon
1048,0.0,0.0,0,0.0,0.0,0.0,0.0,0.0,Two Can Play That Game
1049,5.0,790.4540000000001,0,1.0,1.1396,0.0,0.0,0.0,Two for the Money
1050,0.5,42.44935,0,0.0,0.0,0.0,0.0,0.0,Tyler Perry's Madea's Family Reunion
1051,3.6666666666666665,410.88999999999993,0,8.0,563.4959,0.0,0.5,0.5,Tyler Perry's Madea's Witness Protection
1052,2.0,166.2821,0,4.0,287.9865,1.0,0.0,0.0,Tyler Perry's Why Did I Get Married Too?
1053,1.5,407.5372,0,4.0,283.5287,0.0,0.0,1.0,The Ugly Truth
1054,3.0,289.1455,0,1.0,1.7943,0.0,0.0,0.0,Ultraviolet
1055,0.0,0.0,0,0.0,0.0,0.0,0.0,0.0,Unaccompanied Minors
1056,0.0,818.6385,1,1.0,72.7707,0.0,0.0,0.0,The Unborn
1057,5.5,2249.91895,2,0.0,0.0,0.0,0.0,0.0,Unbreakable
1058,1.0,146.866375,0,0.0,0.0,0.0,0.0,0.0,Unbroken
1059,0.5,75.6002,0,0.0,0.0,0.0,0.0,0.0,Underworld
1060,2.6666666666666665,443.2208666666666,0,0.0,0.0,0.0,0.0,0.8571428571428571,Underworld Awakening
1061,2.0,416.2604,0,0.0,86.0383,0.0,0.0,0.0,Undisputed
1062,6.0,1021.6442999999999,1,0.0,31.8603,0.3333333333333333,0.0,0.0,Unfinished Business
1063,2.25,741.4307500000001,1,4.0,320.6545,0.0,0.0,0.0,An Unfinished Life
1064,0.0,0.0,0,0.0,245.7738,0.0,0.0,0.0,United 93
1065,2.6666666666666665,662.5936666666666,1,1.0,48.5537,0.0,1.0,0.0,Unknown
1066,5.5,917.5178,1,0.0,0.0,0.0,0.0,0.0,Unleashed
1067,3.3333333333333335,681.3301333333334,1,7.0,302.1815,0.6666666666666666,0.0,0.0,Unstoppable
1068,1.0,327.89755,0,2.0,147.344,0.0,0.0,0.0,Untraceable
1069,6.5,640.106875,1,3.0,206.663,0.2,0.0,0.0,Up in the Air
1070,2.25,228.3006,0,3.0,16.454,0.0,0.0,0.0,The Upside of Anger
1071,0.5,102.69045,0,0.0,204.4952,0.0,0.0,0.0,Uptown Girls
1072,2.0,1497.74945,2,0.0,0.0,0.0,0.0,4.0,V for Vendetta
1073,1.5,823.19145,1,0.0,0.0,0.0,0.0,0.0,Vacancy
1074,6.5,1223.062425,2,0.0,0.0,0.0,0.0,0.5,Vacation
1075,5.5,663.697675,0,6.0,681.594,0.23076923076923078,0.0,0.0,Valentine's Day
1076,1.3333333333333333,1189.0314,1,1.0,842.3313,0.0,0.0,0.0,Valkyrie
1077,0.0,282.1885,0,1.0,969.5501,0.0,0.0,0.0,Van Helsing
1078,1.0,834.8737,2,0.0,332.3718,0.2,0.0,0.0,Vanilla Sky
1079,0.5,221.12137500000003,0,0.0,5.6396,0.0,0.0,0.0,Vanity Fair
1080,0.75,604.954225,0,0.0,0.0,0.0,0.0,0.0,Vantage Point
1081,2.0,754.6253,1,8.0,1156.2003,0.0,0.0,0.0,Veronica Guerin
1082,2.0,729.3492,1,2.0,416.0305,0.0,0.0,0.0,Vertical Limit
1083,2.5,338.32925,0,0.0,0.0,0.0,0.0,1.0,A Very Harold & Kumar 3D Christmas
1084,0.5,232.67485,0,2.0,990.5098,0.16666666666666666,1.5,1.5,The Village
1085,1.0,404.93465000000003,1,0.0,0.0,0.0,0.0,0.0,The Virgin Suicides
1086,1.6666666666666667,562.0200333333333,0,0.0,0.0,0.0,0.0,0.0,The Vow
1087,2.5,858.046825,1,2.0,230.2221,0.0,0.0,0.0,W.
1088,0.0,39.733533333333334,0,1.0,0.114,0.0,0.0,0.0,Waiting for Forever
1089,1.5,1101.0428,1,0.0,587.6488,0.0,0.0,0.0,The Walk
1090,2.0,792.0999,1,1.0,5.7908,0.0,0.0,0.0,A Walk Among the Tombstones
1091,0.0,210.95743333333334,0,2.0,65.0797,0.0,0.0,0.25,Walk Hard: The Dewey Cox Story
1092,1.0,404.6287666666667,0,3.0,278.4154,0.0,2.0,1.5,Walk the Line
1093,0.0,0.0,0,0.0,0.0,0.0,0.0,0.0,A Walk to Remember
1094,0.6666666666666666,1471.5911333333333,2,0.0,0.0,0.0,0.0,0.0,Walking with Dinosaurs
1095,1.5,649.8873249999999,1,2.0,248.4128,0.16666666666666666,0.0,0.0,Wall Street: Money Never Sleeps
1096,2.75,752.5041000000001,2,0.0,0.0,0.0,0.0,0.0,Wanted
1097,1.0,1277.9443,2,4.0,1068.9649,0.3333333333333333,1.3333333333333333,1.0,War of the Worlds
1098,0.75,221.9967,0,0.0,40.6946,0.0,0.0,0.0,Warm Bodies
1099,0.0,141.9744,0,0.0,108.7622,0.5,0.0,0.0,Warrior
1100,10.5,1529.2819249999998,3,1.0,17.5445,0.0,0.0,0.0,The Watch
1101,1.5,374.832575,0,1.0,347.4116,0.0,0.5,0.0,Watchmen
1102,1.6666666666666667,443.46476666666666,0,0.0,0.0,0.0,0.0,0.0,The Water Diviner
1103,0.6666666666666666,864.844,2,0.0,420.6747,0.0,2.0,0.0,Water for Elephants
1104,4.0,527.659175,0,0.0,0.0,0.0,0.0,0.0,The Way Back
1105,1.5,162.65785,0,0.0,0.0,0.0,0.0,0.0,The Way of the Gun
1106,1.6666666666666667,159.5101,0,0.0,0.0,0.0,0.0,0.0,We Don't Live Here Anymore
1107,5.75,916.42925,1,2.0,1.4289,0.5,0.5,0.5,We Own the Night
1108,6.5,726.75055,1,2.0,159.5283,0.0,0.0,0.0,We're the Millers
1109,3.3333333333333335,652.0891666666668,1,2.0,848.0236,0.0,0.0,0.0,The Weather Man
1110,4.25,866.2307250000001,2,2.0,90.1667,0.3333333333333333,0.0,0.0,Wedding Crashers
1111,1.5,484.15355,0,0.0,0.0,0.0,0.0,0.0,The Wedding Planner
1112,4.5,511.98962500000005,0,0.0,0.0,0.0,0.0,0.0,The Wedding Ringer
1113,3.0,748.4984000000001,1,3.0,139.8155,0.0,0.0,0.0,Welcome Home Roscoe Jenkins
1114,3.25,735.51495,1,0.0,0.0,0.0,0.0,0.0,What Happens in Vegas
1115,0.5,1296.05715,2,1.0,992.5257,0.0,0.0,0.0,What Lies Beneath
1116,3.3333333333333335,622.9563,3,2.0,618.1993,0.3333333333333333,0.0,0.0,What Planet Are You From?
1117,6.25,1344.1846249999999,2,1.0,10.4795,0.0,0.0,0.0,What to Expect When You're Expecting
1118,3.25,569.66235,2,1.0,122.4375,0.0,0.0,0.0,What Women Want
1119,3.5,527.0799,1,0.0,0.0,0.0,0.0,0.0,What's Your Number?
1120,2.0,180.3252,0,1.0,566.5565,0.0,0.0,0.0,When a Stranger Calls
1121,2.0,670.988,0,1.0,90.8758,0.0,0.0,0.0,When the Game Stands Tall
1122,0.0,220.890425,0,0.0,70.9536,0.0,0.0,0.0,Where the Wild Things Are
1123,1.0,358.3763,0,0.0,0.0,0.0,0.0,0.0,Whip It
1124,0.5,135.5967,0,0.0,0.0,0.0,0.0,0.0,Whiplash
1125,2.0,376.4359,0,3.0,422.0047,2.0,1.5,0.5,White Chicks
1126,4.75,912.0769,0,4.0,454.1997,0.0,0.5,0.16666666666666666,White House Down
1127,1.0,762.5361,0,0.0,270.0717,0.0,0.3333333333333333,0.3333333333333333,Whiteout
1128,3.0,1680.1125,1,0.0,70.5688,0.0,0.0,0.0,The Wicker Man
1129,2.5,825.4329,0,0.0,7.6517,0.0,0.0,0.0,William Shakespeare's The Merchant of Venice
1130,2.3333333333333335,821.4908333333333,1,0.0,5.2605,0.0,0.0,1.0,Wimbledon
1131,0.5,223.49995,0,1.0,147.68,0.0,0.0,0.0,Win a Date with Tad Hamilton!
1132,0.0,0.0,0,1.0,0.0406,0.0,0.0,0.0,Winter's Bone
1133,0.5,473.438225,0,0.0,0.0,0.0,0.0,0.5,Winter's Tale
1134,3.0,833.0906500000001,1,3.0,286.8107,0.0,0.0,0.0,Without a Paddle
1135,3.0,989.6995,2,4.0,647.3247,0.6666666666666666,0.25,0.0,The Wolf of Wall Street
1136,0.0,983.0663999999999,2,1.0,426.5408,0.0,0.0,0.0,The Wolfman
1137,3.0,1540.2941,1,0.0,318.7507,0.0,0.0,0.0,The Wolverine
1138,4.0,405.26817500000004,1,1.0,427.0824,0.0,0.0,0.0,Wonder Boys
1139,1.75,596.78975,0,0.0,0.0,0.0,0.0,0.0,The Words
1140,3.3333333333333335,716.6990333333333,1,4.0,164.2564,0.0,0.0,0.0,World Trade Center
1141,1.0,616.2078,0,2.0,333.103,0.0,0.0,0.0,World War Z
1142,3.0,483.57710000000003,0,3.0,82.9782,0.8,2.0,2.5,The World's End
1143,10.0,1858.4741,1,2.0,408.3623,0.0,0.0,0.0,The World's Fastest Indian
1144,1.0,830.383825,1,0.0,46.7488,0.0,0.0,0.0,Wrath of the Titans
1145,0.0,586.4538,0,0.0,0.0,0.0,0.0,0.0,Wreck-It Ralph
1146,2.5,431.73525000000006,0,1.0,19.1706,0.0,0.0,0.0,The Wrestler
1147,0.75,248.57302499999997,0,0.0,62.8342,0.125,0.16666666666666666,0.0,X-Men
1148,4.0,784.0026750000001,1,4.0,670.0615,0.4,0.5,0.5,X-Men: Days of Future Past
1149,0.75,383.96462499999996,0,0.0,51.7919,0.0,0.0,0.0,X-Men: First Class
1150,5.25,1251.484875,1,3.0,978.402,0.0,0.0,0.0,X-Men: The Last Stand
1151,2.75,618.126525,1,2.0,315.5644,1.0,1.1666666666666667,0.21428571428571427,X2: X-Men United
1152,2.5,1753.5103000000001,1,1.0,220.8729,0.0,0.25,0.0,XXX
1153,2.3333333333333335,166.87836666666666,0,0.0,0.0,0.0,0.0,0.0,The Yards
1154,2.5,551.6746999999999,1,4.0,302.7744,0.0,0.0,0.0,Year One
1155,5.0,954.1570000000002,1,3.0,295.9598,0.0,0.0,0.0,Yes Man
1156,2.3333333333333335,422.4021666666667,0,2.0,158.6121,0.0,0.0,0.0,You Again
1157,8.666666666666666,1392.8917333333331,2,5.0,499.1387,1.3333333333333333,2.0,0.6,You Don't Mess with the Zohan
1158,0.25,682.482825,1,2.0,136.7546,0.2,0.0,0.0,You Will Meet a Tall Dark Stranger
1159,5.5,828.845525,1,1.0,0.5017,0.0,0.0,0.0,"You, Me and Dupree"
1160,6.5,434.2972,0,5.0,299.6104,0.0,0.2,0.6,Young Adult
1161,2.0,524.30615,0,0.0,0.0,0.0,0.0,0.0,The Young Victoria
1162,3.75,1138.09625,2,1.0,105.8308,0.5,0.0,0.0,Your Highness
1163,3.5,897.5836999999999,0,3.0,569.4512,0.0,0.0,0.0,"Yours, Mine and Ours"
1164,2.5,409.88945,0,0.0,20.8947,0.0,0.0,0.0,Youth in Revolt
1165,3.5,1086.88325,1,5.0,187.9425,0.0,0.0,0.0,Zack and Miri Make a Porno
1166,0.3333333333333333,496.2663333333333,1,1.0,343.663,0.0,0.0,0.0,Zathura
1167,1.75,316.6942,0,1.0,52.4205,0.0,0.6666666666666666,0.6666666666666666,Zero Dark Thirty
1168,1.75,659.254275,1,3.0,297.9108,0.0,1.5,0.0,Zodiac
1169,3.75,390.66175,0,0.0,0.0,0.0,0.0,0.0,Zombieland
1170,4.0,790.98825,0,1.0,215.0829,0.0,0.5,0.4,Zookeeper
1171,4.5,539.3400750000001,1,2.0,161.4985,0.0,0.0,0.0,Zoolander
1172,0.5,274.20827499999996,0,0.0,0.0,0.0,0.0,0.0,
1173,3.25,626.26955,0,1.0,4.4822,0.2222222222222222,0.0,0.0,12 Years a Slave
1174,3.0,2049.7532,1,1.0,298.0079,0.0,0.0,0.0,127 Hours
1175,1.0,428.2211333333333,1,0.0,4.3057,0.0,0.0,0.0,13 Going on 30
1176,0.5,2268.3710499999997,1,0.0,48.6581,0.0,1.0,0.0,1408
1177,1.0,496.807775,1,0.0,21.8111,0.0,0.0,0.0,15 Minutes
1178,0.25,192.96880000000002,0,1.0,315.5292,0.25,0.0,0.0,2 Fast 2 Furious
1179,6.0,1030.22965,1,0.0,0.0,0.0,0.0,0.0,2 Guns
1180,2.5,542.3963249999999,0,4.0,512.1166,0.0,0.6666666666666666,0.0,2012
1181,2.75,890.9227500000001,2,0.0,283.5287,0.2,0.0,0.0,21
1182,0.0,211.4065,0,0.0,0.0,0.0,0.0,0.0,21 and Over
1183,2.3333333333333335,265.4984666666667,0,0.0,0.0,0.0,0.0,0.0,21 Grams
1184,3.75,630.809775,1,0.0,142.8636,0.0,0.0,0.0,21 Jump Street
1185,11.0,1220.3372666666667,1,2.0,292.6205,1.0,0.5454545454545454,0.16666666666666666,22 Jump Street
1186,4.5,527.7629,1,4.0,264.6767,0.2,2.5,0.0,25th Hour
1187,1.5,693.40315,1,0.0,86.3728,0.0,0.0,0.0,27 Dresses
1188,3.0,847.3792,1,2.0,436.6972,0.0,0.0,0.0,28 Days
1189,0.0,208.2322333333333,0,0.0,108.6111,0.0,0.0,0.0,28 Days Later
1190,2.3333333333333335,193.24856666666668,0,3.0,406.0017,0.0,0.0,0.25,3 Days to Kill
1191,0.5,131.57345,0,0.0,0.0,0.0,0.0,0.0,30 Days of Night
1192,4.75,490.129625,0,0.0,86.0199,0.25,0.0,0.0,30 Minutes or Less
1193,0.75,118.697325,0,0.0,82.3062,0.0,0.0,0.0,300
1194,1.0,333.08015,0,0.0,11.4718,0.0,0.0,0.7647058823529411,300: Rise of An Empire
1195,1.5,443.08314999999993,1,0.0,0.0,0.0,0.0,0.0,The 40-Year-Old Virgin
1196,1.3333333333333333,350.9993,0,0.0,11.0021,0.0,0.0,0.0,42
1197,4.0,1018.4326,0,0.0,0.0,0.0,0.0,0.0,47 Ronin
1198,4.0,118.6492,0,3.0,160.107,1.0,0.0,0.0,5 Days of War
1199,9.333333333333334,1219.2803999999999,3,4.0,411.6471,0.0,0.0,0.0,50 First Dates
1200,4.25,898.733025,1,1.0,2.5053,0.0,0.0,0.0,50/50
1201,0.6666666666666666,111.97096666666665,0,2.0,432.3583,0.3333333333333333,0.0,0.0,8 Mile
1202,0.5,610.61875,1,1.0,45.0467,0.0,0.0,0.0,The A-Team
1203,1.0,187.60113333333334,0,2.0,1708.4926,0.0,4.0,0.0,A.I. Artificial Intelligence
1204,0.6666666666666666,243.7785666666667,0,0.0,0.0,0.0,0.0,0.2,Abandon
1205,0.5,612.4354,0,3.0,440.2263,0.0,0.0,0.0,Abduction
1206,2.75,364.40267499999993,0,1.0,174.8382,0.0,0.0,0.09090909090909091,About a Boy
1207,5.5,668.060825,0,2.0,102.8033,0.0,0.0,0.0,About Last Night
1208,6.5,1256.3195500000002,2,1.0,25.4039,0.0,0.0,0.0,About Schmidt
1209,1.75,359.9249,0,0.0,162.2346,0.0,0.0,0.0,Abraham Lincoln: Vampire Hunter
1210,0.5,107.75192499999999,0,0.0,0.0,0.0,0.0,0.0,Accepted
1211,2.0,779.7937,2,1.0,38.4769,0.0,0.0,0.0,Adaptation.
1212,2.25,907.3259999999999,1,0.0,0.0,0.0,0.0,0.0,The Adjustment Bureau
1213,5.25,786.6814249999999,1,6.0,309.3508,0.0,0.0,0.0,Admission
1214,3.3333333333333335,669.9052,2,3.0,421.0654,0.0,0.0,0.0,The Adventures of Pluto Nash
1215,0.6666666666666666,502.3930666666667,0,0.0,2.5158,0.0,0.0,0.0,Aeon Flux
1216,1.3333333333333333,857.6706333333333,1,1.0,776.2654,0.0,0.0,0.0,After Earth
1217,1.0,881.6263250000002,2,1.0,938.9056,0.2,1.0,0.0,After the Sunset
1218,0.0,104.83653333333332,0,0.0,9.625,0.0,0.0,0.0,Agent Cody Banks
1219,4.0,924.4323,0,0.0,147.6831,0.0,0.0,0.0,Agora
1220,3.5,373.5345,0,4.0,500.744,0.0,0.0,0.0,Alex and Emma
1221,1.5,461.0533,0,0.0,599.9535,0.0,0.0,0.0,Alex Cross
1222,6.0,499.7037,0,2.0,215.15,0.0,0.0,0.0,Alfie
1223,1.75,849.3679749999999,3,2.0,339.8017,0.0,0.0,0.14285714285714285,Ali
1224,1.25,1027.885875,2,1.0,890.9965,1.6666666666666667,0.0,0.0,Alice in Wonderland
1225,0.6666666666666666,304.3603,0,4.0,137.0725,0.0,0.0,0.0,Alien Vs. Predator
1226,3.25,883.013175,1,1.0,96.6969,0.0,0.0,0.0,All the King's Men
1227,1.0,93.259225,0,1.0,332.3718,0.0,0.0,0.0,Almost Famous
1228,10.75,1283.8272,2,4.0,119.3171,0.125,0.0,0.0,Aloha
1229,1.5,605.75685,1,2.0,75.1718,0.0,0.0,0.0,Along Came a Spider
1230,2.0,385.3884,0,1.0,28.3424,0.0,0.0,0.0,Alvin and the Chipmunks
1231,8.0,1045.4368333333334,2,1.0,102.6577,0.3333333333333333,0.0,1.0,Alvin and the Chipmunks: Chipwrecked
1232,5.25,545.062225,0,4.0,430.1238,0.0,0.0,0.0,Alvin and the Chipmunks: The Squeakquel
1233,0.25,243.06232500000002,0,0.0,0.0,0.0,0.0,0.5,The Amazing Spider-Man
1234,1.75,834.045525,1,2.0,39.5826,0.0,0.0,0.0,Amelia
1235,5.5,913.646,1,0.0,0.0,0.0,0.0,0.0,America's Sweethearts
1236,8.0,1445.9798,1,0.0,0.0,0.0,0.0,0.0,The American
1237,1.0,755.3657333333334,1,3.0,300.209,0.6666666666666666,0.0,0.0,An American Carol
1238,2.75,510.441725,1,3.0,396.6206,0.5,1.5,1.0,American Dreamz
1239,4.0,517.87555,1,3.0,416.647,0.0,0.0,0.5,American Gangster
1240,3.25,1186.88475,2,1.0,119.0342,0.4,0.0,0.0,American Hustle
1241,2.0,92.3881,0,1.0,45.964,0.0,0.0,0.0,American Reunion
1242,1.0,905.19555,1,6.0,597.6121,0.0,2.6,0.0,American Sniper
1243,5.75,1067.4111500000001,1,1.0,59.7869,0.0,0.0,0.0,American Ultra
1244,8.333333333333334,809.2613,1,5.0,432.6595,1.0,0.0,0.0,Analyze That
1245,12.25,1641.6484249999999,3,4.0,565.9407,1.0,1.5,1.75,Anchorman 2: The Legend Continues
1246,3.0,269.697375,0,0.0,0.0,0.0,0.0,0.0,Anchorman: The Legend of Ron Burgundy
1247,1.3333333333333333,1915.2998333333335,3,1.0,1080.4794,0.3333333333333333,6.0,3.0,Angels & Demons
1248,5.0,761.3834333333333,2,4.0,411.6471,0.0,0.0,0.0,Anger Management
1249,2.0,1075.0108,1,0.0,0.0,0.0,0.0,0.0,The Animal
1250,1.5,72.04115,0,1.0,449.2633,0.0,0.5,0.0,Anonymous
1251,3.0,902.1087500000001,1,3.0,19.4159,1.0,0.0,0.0,Another Year
1252,1.25,629.6033,0,0.0,271.8477,0.0,0.0,0.0,Ant-Man
1253,3.0,707.67375,1,0.0,0.0,0.0,0.0,0.0,Antwone Fisher
1254,8.333333333333334,645.2335333333334,1,14.0,185.6235,0.0,0.0,0.0,Anything Else
1255,0.3333333333333333,407.3156333333333,0,0.0,0.0,0.0,0.0,0.0,The Apparition
1256,1.0,143.223,0,0.0,0.0,0.0,0.0,0.0,Aquamarine
1257,2.5,385.40925000000004,0,3.0,125.9691,0.0,0.2,0.0,Argo
1258,0.0,1004.8675499999999,1,1.0,24.3733,0.0,0.0,0.0,Armored
1259,0.5,242.276,0,0.0,444.4363,0.2,0.0,0.0,Around the World in 80 Days
1260,1.75,393.259875,0,0.0,0.0,0.0,0.0,0.0,Arthur
1261,0.0,70.7822,0,0.0,120.4102,0.0,0.0,0.0,Arthur and the Invisibles
1262,0.5,1047.46445,1,1.0,85.3109,0.0,0.0,0.0,Astro Boy
1263,1.0,24.3193,0,0.0,0.0,0.0,0.0,0.0,Attack the Block
1264,1.5,303.83702500000004,0,3.0,734.727,1.0,0.0,0.0,Austin Powers in Goldmember
1265,1.5,1357.3656,1,0.0,0.0,0.5,0.0,0.0,Australia
1266,8.5,2037.260675,4,3.0,700.2618,0.5333333333333333,1.0,1.0,Avengers: Age of Ultron
1267,2.75,838.2051499999999,2,4.0,293.2726,0.2,0.3333333333333333,0.0,The Aviator
1268,4.5,602.7866,0,0.0,456.2749,0.0,0.0,0.0,Away We Go
1269,0.0,0.0,0,4.0,276.846,0.0,0.0,0.0,Baby Boy
1270,6.0,1071.0418,1,4.0,765.8986,1.0,4.0,0.0,Bad Boys II
1271,3.5,1203.96365,1,4.0,1225.4581,0.0,0.0,0.0,Bad Company
1272,4.0,1003.9625333333333,1,0.0,0.0,0.0,0.0,0.0,Bad Lieutenant: Port of Call New Orleans
1273,5.0,723.241,0,2.0,152.6088,0.0,0.0,0.0,Bad News Bears
1274,3.0,1020.0608333333333,1,3.0,84.1025,0.0,0.0,0.0,Bad Teacher
1275,3.0,159.4797,0,0.0,0.0,0.0,0.0,0.0,Bait
1276,6.0,1147.4054333333333,1,6.0,617.9194,0.0,0.0,0.0,Bandits
1277,1.3333333333333333,234.54886666666667,0,0.0,0.0,0.0,0.0,0.0,Barbershop
1278,2.0,851.9569749999999,2,0.0,139.4802,0.0,0.6666666666666666,0.16666666666666666,Batman Begins
1279,0.0,62.9018,0,0.0,0.0,0.0,0.0,0.0,Battle of the Year
1280,2.25,753.0728750000001,1,0.0,46.7488,0.0,0.0,0.0,Battle: Los Angeles
1281,0.0,32.528875,0,1.0,488.7331,0.0,1.0,0.0,Battleship
1282,5.0,956.4636999999999,1,2.0,399.1904,0.0,0.0,0.0,Be Cool
1283,1.0,672.9013,1,1.0,44.6893,0.0,0.0,0.0,The Beach
1284,0.0,4.726100000000001,0,0.0,0.0,0.0,0.0,0.0,Beastly
1285,2.75,382.20302499999997,0,1.0,117.759,0.0,0.6,0.8,Beautiful Creatures
1286,1.75,469.75374999999997,1,3.0,1010.6598,0.16666666666666666,6.0,0.0,A Beautiful Mind
1287,1.75,462.2897,0,0.0,0.0,0.0,0.0,0.0,The Beaver
1288,1.0,22.9182,0,3.0,189.6141,0.0,0.0,0.0,Bedazzled
1289,0.75,603.3793000000001,1,0.0,607.5345,0.0,1.0,3.0,Bedtime Stories
1290,1.0,1051.8941,1,0.0,0.0,0.0,0.0,0.0,Bee Movie
1291,2.5,221.61985,0,1.0,52.7009,1.5,4.0,0.0,Before Sunset
1292,1.25,711.43935,1,1.0,1.795,0.0,0.0,0.0,Beginners
1293,2.0,708.1046,1,0.0,0.0,0.0,0.0,0.0,Behind Enemy Lines
1294,3.0,374.445225,1,5.0,496.0842,0.25,1.0,0.0,The Benchwarmers
1295,0.5,1257.3148,2,1.0,1029.3986,0.0,0.0,0.0,Beowulf
1296,3.25,810.2985000000001,1,1.0,49.2859,0.0,0.0,0.0,The Best Exotic Marigold Hotel
1297,4.0,156.15215,0,2.0,16.8483,0.5,0.0,0.0,Best in Show
1298,4.0,411.11999999999995,0,4.0,147.5031,0.0,0.0,0.0,The Best Man Holiday
1299,1.3333333333333333,807.0550666666667,1,0.0,15.6672,0.0,0.0,0.16666666666666666,The Best of Me
1300,3.25,604.69475,1,7.0,417.0625,0.0,0.0,0.21428571428571427,Bewitched
1301,0.0,307.2755,0,0.0,525.3265,0.0,0.0,0.0,Beyond Borders
1302,1.0,561.8559,0,1.0,45.537,0.0,0.0,0.0,Beyond the Lights
1303,2.3333333333333335,360.49333333333334,1,0.0,0.0,0.0,0.0,0.0,Big Fat Liar
1304,1.5,391.62280000000004,1,1.0,871.5066,0.6,0.0,0.0,Big Fish
1305,0.0,675.0957,0,0.5,68.4419,0.0,0.5,0.0,Big Hero 6
1306,1.6666666666666667,659.8409333333333,0,1.0,216.9598,0.6666666666666666,0.0,0.0,Big Miracle
1307,3.75,362.21455,1,1.0,57.5116,0.0,0.0,0.0,Big Momma's House
1308,4.0,268.804075,0,2.0,100.488,0.0,0.0,0.0,Big Momma's House 2
1309,4.0,318.100275,0,5.0,239.617,0.25,1.0,1.0,"Big Mommas: Like Father, Like Son"
1310,4.75,1635.64975,3,0.0,698.8888,0.3333333333333333,0.0,0.0,The Big Short
1311,2.5,672.242925,2,5.0,1147.1516,0.14285714285714285,0.0,0.0,Big Trouble
1312,7.5,671.874,0,0.0,0.0,0.0,0.0,0.0,The Big Wedding
1313,8.75,1285.4074249999999,2,2.0,331.7562,0.2,0.6666666666666666,0.0,The Big Year
1314,0.0,0.0,0,0.0,0.0,0.0,0.0,0.0,Billy Elliot
1315,7.0,846.24685,0,2.0,67.2698,0.16666666666666666,0.0,0.0,Birdman
1316,1.75,309.64462499999996,0,1.0,564.9446,0.0,0.0,0.0,The Black Dahlia
1317,3.0,1029.386,1,1.0,54.7764,0.0,0.0,0.0,Black Mass
1318,6.5,676.54755,0,2.0,50.0966,0.5,0.0,0.0,Black or White
1319,2.0,1344.1388333333332,1,0.0,29.9963,0.0,0.5,0.5,Black Snake Moan
1320,1.6666666666666667,810.7167666666666,1,1.0,49.653,0.0,0.0,0.0,Black Swan
1321,2.5,1321.09255,1,0.0,337.4699,0.0,0.0,0.0,Blackhat
1322,1.0,228.48365,0,1.0,48.0743,0.0,0.0,0.3333333333333333,Blade II
1323,1.0,242.04747500000002,0,0.0,0.0,0.0,0.0,0.6666666666666666,Blade: Trinity
1324,3.25,598.18815,1,0.0,0.0,0.0,0.0,0.0,Blades of Glory
1325,10.333333333333334,830.3545,1,2.0,351.4944,0.3333333333333333,1.5,0.0,Blended
1326,2.6666666666666665,606.8056333333334,1,1.0,112.6844,0.0,0.0,0.0,The Blind Side
1327,1.0,1229.45245,1,0.0,190.7355,0.0,0.0,0.0,Blood Diamond
1328,4.0,689.6027,0,3.0,522.9481,0.0,0.0,0.0,Blood Work
1329,2.5,444.33759999999995,0,0.0,0.0,0.0,0.0,0.0,BloodRayne
1330,0.0,163.67365,0,0.0,0.0,0.0,0.0,0.0,Blue Crush
1331,5.333333333333333,923.4293666666666,1,2.0,406.3412,0.3333333333333333,0.0,0.0,Body of Lies
1332,0.0,455.3323666666667,0,0.0,0.0,0.0,0.0,0.0,Bolt
1333,0.0,0.0,0,1.0,142.3102,0.0,0.0,0.0,Bones
1334,1.5,930.64555,2,0.0,48.348,0.0,0.0,0.0,The Book of Eli
1335,0.0,864.93645,1,0.0,0.0,0.0,0.0,0.0,The Book of Life
1336,0.0,0.0,0,0.0,0.0,0.0,0.0,0.0,Borat: Cultural Learnings of America for Make Benefit Glorious Nation of Kazakhstan
1337,2.0,847.8542,2,1.0,10.8598,0.0,0.0,0.0,Bounce
1338,3.0,516.1313333333334,0,2.0,581.7021,0.0,0.5,0.0,The Bounty Hunter
1339,2.75,516.328725,2,0.0,37.8084,0.0,0.0,0.0,The Bourne Identity
1340,0.75,443.26635,0,0.0,110.1321,0.0,0.6666666666666666,1.1666666666666667,The Bourne Legacy
1341,4.25,749.67455,2,0.0,0.0,0.0,0.0,1.0,The Bourne Supremacy
1342,4.0,909.34995,1,2.0,245.7738,0.75,1.0,0.6666666666666666,The Bourne Ultimatum
1343,0.5,647.3523250000001,0,0.0,0.0,0.0,0.0,0.0,The Boxtrolls
1344,0.0,173.9823,0,1.0,194.8595,0.0,0.0,0.0,The Boy Next Door
1345,2.0,169.0083,0,3.0,189.014,2.0,4.0,1.0,Boyhood
1346,0.0,783.384,0,0.0,0.0,0.0,0.0,0.0,Brave
1347,4.25,784.153975,2,3.0,139.0178,0.0,0.0,0.0,The Break-Up
1348,6.0,828.3485,0,0.0,0.0,0.0,0.0,0.0,Brick Mansions
1349,2.6666666666666665,265.8310333333333,0,2.0,84.1168,0.0,0.0,0.0,Bride Wars
1350,2.5,442.9373749999999,0,1.0,21.8538,0.25,0.0,0.0,Bridesmaids
1351,1.5,600.7001750000001,1,1.0,1152.6792,0.2,0.5,0.3333333333333333,Bridge of Spies
1352,4.0,393.97364999999996,0,2.0,72.613,0.0,0.0,0.5,Bridget Jones: The Edge of Reason
1353,0.0,9.8597,0,1.0,9.6593,0.0,0.0,0.0,Bright Star
1354,3.5,1290.5733500000001,1,0.0,0.0,0.0,0.0,0.0,Brighton Rock
1355,2.0,738.5877,1,0.0,0.0,0.0,0.0,0.0,Bring It On
1356,3.0,480.70095000000003,0,1.0,92.4154,0.0,0.0,0.0,Bringing Down the House
1357,3.75,718.605725,0,0.0,103.3046,0.0,0.0,0.0,Broken City
1358,2.5,621.054,1,4.0,336.1976,0.2,0.0,0.0,Brooklyn's Finest
1359,0.0,0.0,0,0.0,0.0,0.0,0.0,0.0,Brotherhood of the Wolf
1360,4.333333333333333,1481.7889000000002,2,2.0,52.898,0.0,0.0,0.0,Brothers
1361,1.75,553.5615,1,1.0,131.6768,0.0,1.0,0.0,The Brothers Grimm
1362,1.3333333333333333,206.13909999999998,0,1.0,42.7198,0.3333333333333333,0.0,0.0,Brown Sugar
1363,2.75,826.2385499999999,2,5.0,981.0368,0.5,0.3333333333333333,0.15789473684210525,Bruce Almighty
1364,6.5,1132.5037499999999,1,5.0,149.0428,0.0,0.0,0.0,The Bucket List
1365,4.0,601.18495,0,2.0,68.1319,0.0,0.6666666666666666,0.5,Bucky Larson: Born to Be a Star
1366,5.25,920.074775,2,2.5,137.5353,0.3,2.0,3.0,Burn After Reading
1367,3.25,942.872075,2,0.0,45.9461,0.0,0.0,0.0,Burnt
1368,3.0,1313.2902,1,0.0,0.0,0.0,0.0,0.0,By the Sea
1369,0.6666666666666666,804.3135333333333,0,3.0,4.1921,0.0,0.0,0.0,The Call
1370,4.333333333333333,920.8784666666667,2,0.0,0.0,0.0,0.0,0.0,Capote
1371,2.25,939.3842999999999,1,1.0,371.0558,0.0,0.0,0.0,Captain America: The First Avenger
1372,6.5,1667.1400999999998,3,0.0,99.9908,0.0,0.0,0.6666666666666666,Captain America: The Winter Soldier
1373,0.3333333333333333,418.7381,1,0.0,189.1738,0.0,0.0,0.0,Captain Corelli's Mandolin
1374,4.0,1839.441,1,1.0,611.9062,0.0,0.0,0.0,Captain Phillips
1375,0.25,217.63942500000002,0,0.0,13.1658,0.0,0.0,0.0,Carrie
1376,0.5,953.784825,2,3.0,1089.7775,0.0,1.0,0.5,Cars
1377,1.0,1412.0958,2,1.0,161.3556,0.375,0.0,0.0,Cars 2
1378,0.0,720.7919999999999,0,0.0,0.0,0.0,0.0,0.0,Case 39
1379,0.0,1134.7971,0,0.0,2.1087,0.0,0.0,0.0,Casino Jack
1380,1.25,456.7825,1,2.0,499.9099,0.2,1.0,1.3333333333333333,Casino Royale
1381,3.0,1569.2912499999998,2,1.0,992.5257,0.5,0.0,0.0,Cast Away
1382,4.0,359.75460000000004,0,0.0,0.0,0.0,0.0,0.0,Catch and Release
1383,4.5,1475.514725,3,2.0,1708.4926,0.25,0.0,0.0,Catch Me If You Can
1384,3.0,723.8905,2,0.0,0.0,0.0,0.0,0.0,Cats & Dogs: The Revenge of Kitty Galore
